Image_ID,Degradation,Dataset,input_path,gt_path,noise_sigma
R001,Rain,Rain100L,/home/minura/FYP/Workspace/Himeth/data/rain100L/rain100L_test/Rain100L/rainy/rain-001.png,/home/minura/FYP/Workspace/Himeth/data/rain100L/rain100L_test/Rain100L/norain-001.png,
R002,Rain,Rain100L,/home/minura/FYP/Workspace/Himeth/data/rain100L/rain100L_test/Rain100L/rainy/rain-002.png,/home/minura/FYP/Workspace/Himeth/data/rain100L/rain100L_test/Rain100L/norain-002.png,
R003,Rain,Rain100L,/home/minura/FYP/Workspace/Himeth/data/rain100L/rain100L_test/Rain100L/rainy/rain-003.png,/home/minura/FYP/Workspace/Himeth/data/rain100L/rain100L_test/Rain100L/norain-003.png,
R004,Rain,Rain100L,/home/minura/FYP/Workspace/Himeth/data/rain100L/rain100L_test/Rain100L/rainy/rain-004.png,/home/minura/FYP/Workspace/Himeth/data/rain100L/rain100L_test/Rain100L/norain-004.png,
R005,Rain,Rain100L,/home/minura/FYP/Workspace/Himeth/data/rain100L/rain100L_test/Rain100L/rainy/rain-005.png,/home/minura/FYP/Workspace/Himeth/data/rain100L/rain100L_test/Rain100L/norain-005.png,
R006,Rain,Rain100L,/home/minura/FYP/Workspace/Himeth/data/rain100L/rain100L_test/Rain100L/rainy/rain-006.png,/home/minura/FYP/Workspace/Himeth/data/rain100L/rain100L_test/Rain100L/norain-006.png,
R007,Rain,Rain100L,/home/minura/FYP/Workspace/Himeth/data/rain100L/rain100L_test/Rain100L/rainy/rain-007.png,/home/minura/FYP/Workspace/Himeth/data/rain100L/rain100L_test/Rain100L/norain-007.png,
R008,Rain,Rain100L,/home/minura/FYP/Workspace/Himeth/data/rain100L/rain100L_test/Rain100L/rainy/rain-008.png,/home/minura/FYP/Workspace/Himeth/data/rain100L/rain100L_test/Rain100L/norain-008.png,
R009,Rain,Rain100L,/home/minura/FYP/Workspace/Himeth/data/rain100L/rain100L_test/Rain100L/rainy/rain-009.png,/home/minura/FYP/Workspace/Himeth/data/rain100L/rain100L_test/Rain100L/norain-009.png,
R010,Rain,Rain100L,/home/minura/FYP/Workspace/Himeth/data/rain100L/rain100L_test/Rain100L/rainy/rain-010.png,/home/minura/FYP/Workspace/Himeth/data/rain100L/rain100L_test/Rain100L/norain-010.png,
R011,Rain,Rain100L,/home/minura/FYP/Workspace/Himeth/data/rain100L/rain100L_test/Rain100L/rainy/rain-011.png,/home/minura/FYP/Workspace/Himeth/data/rain100L/rain100L_test/Rain100L/norain-011.png,
R012,Rain,Rain100L,/home/minura/FYP/Workspace/Himeth/data/rain100L/rain100L_test/Rain100L/rainy/rain-012.png,/home/minura/FYP/Workspace/Himeth/data/rain100L/rain100L_test/Rain100L/norain-012.png,
R013,Rain,Rain100L,/home/minura/FYP/Workspace/Himeth/data/rain100L/rain100L_test/Rain100L/rainy/rain-013.png,/home/minura/FYP/Workspace/Himeth/data/rain100L/rain100L_test/Rain100L/norain-013.png,
R014,Rain,Rain100L,/home/minura/FYP/Workspace/Himeth/data/rain100L/rain100L_test/Rain100L/rainy/rain-014.png,/home/minura/FYP/Workspace/Himeth/data/rain100L/rain100L_test/Rain100L/norain-014.png,
R015,Rain,Rain100L,/home/minura/FYP/Workspace/Himeth/data/rain100L/rain100L_test/Rain100L/rainy/rain-015.png,/home/minura/FYP/Workspace/Himeth/data/rain100L/rain100L_test/Rain100L/norain-015.png,
R016,Rain,Rain100L,/home/minura/FYP/Workspace/Himeth/data/rain100L/rain100L_test/Rain100L/rainy/rain-016.png,/home/minura/FYP/Workspace/Himeth/data/rain100L/rain100L_test/Rain100L/norain-016.png,
R017,Rain,Rain100L,/home/minura/FYP/Workspace/Himeth/data/rain100L/rain100L_test/Rain100L/rainy/rain-017.png,/home/minura/FYP/Workspace/Himeth/data/rain100L/rain100L_test/Rain100L/norain-017.png,
R018,Rain,Rain100L,/home/minura/FYP/Workspace/Himeth/data/rain100L/rain100L_test/Rain100L/rainy/rain-018.png,/home/minura/FYP/Workspace/Himeth/data/rain100L/rain100L_test/Rain100L/norain-018.png,
R019,Rain,Rain100L,/home/minura/FYP/Workspace/Himeth/data/rain100L/rain100L_test/Rain100L/rainy/rain-019.png,/home/minura/FYP/Workspace/Himeth/data/rain100L/rain100L_test/Rain100L/norain-019.png,
R020,Rain,Rain100L,/home/minura/FYP/Workspace/Himeth/data/rain100L/rain100L_test/Rain100L/rainy/rain-020.png,/home/minura/FYP/Workspace/Himeth/data/rain100L/rain100L_test/Rain100L/norain-020.png,
R021,Rain,Rain100L,/home/minura/FYP/Workspace/Himeth/data/rain100L/rain100L_test/Rain100L/rainy/rain-021.png,/home/minura/FYP/Workspace/Himeth/data/rain100L/rain100L_test/Rain100L/norain-021.png,
R022,Rain,Rain100L,/home/minura/FYP/Workspace/Himeth/data/rain100L/rain100L_test/Rain100L/rainy/rain-022.png,/home/minura/FYP/Workspace/Himeth/data/rain100L/rain100L_test/Rain100L/norain-022.png,
R023,Rain,Rain100L,/home/minura/FYP/Workspace/Himeth/data/rain100L/rain100L_test/Rain100L/rainy/rain-023.png,/home/minura/FYP/Workspace/Himeth/data/rain100L/rain100L_test/Rain100L/norain-023.png,
R024,Rain,Rain100L,/home/minura/FYP/Workspace/Himeth/data/rain100L/rain100L_test/Rain100L/rainy/rain-024.png,/home/minura/FYP/Workspace/Himeth/data/rain100L/rain100L_test/Rain100L/norain-024.png,
R025,Rain,Rain100L,/home/minura/FYP/Workspace/Himeth/data/rain100L/rain100L_test/Rain100L/rainy/rain-025.png,/home/minura/FYP/Workspace/Himeth/data/rain100L/rain100L_test/Rain100L/norain-025.png,
R026,Rain,Rain100L,/home/minura/FYP/Workspace/Himeth/data/rain100L/rain100L_test/Rain100L/rainy/rain-026.png,/home/minura/FYP/Workspace/Himeth/data/rain100L/rain100L_test/Rain100L/norain-026.png,
R027,Rain,Rain100L,/home/minura/FYP/Workspace/Himeth/data/rain100L/rain100L_test/Rain100L/rainy/rain-027.png,/home/minura/FYP/Workspace/Himeth/data/rain100L/rain100L_test/Rain100L/norain-027.png,
R028,Rain,Rain100L,/home/minura/FYP/Workspace/Himeth/data/rain100L/rain100L_test/Rain100L/rainy/rain-028.png,/home/minura/FYP/Workspace/Himeth/data/rain100L/rain100L_test/Rain100L/norain-028.png,
R029,Rain,Rain100L,/home/minura/FYP/Workspace/Himeth/data/rain100L/rain100L_test/Rain100L/rainy/rain-029.png,/home/minura/FYP/Workspace/Himeth/data/rain100L/rain100L_test/Rain100L/norain-029.png,
R030,Rain,Rain100L,/home/minura/FYP/Workspace/Himeth/data/rain100L/rain100L_test/Rain100L/rainy/rain-030.png,/home/minura/FYP/Workspace/Himeth/data/rain100L/rain100L_test/Rain100L/norain-030.png,
R031,Rain,Rain100L,/home/minura/FYP/Workspace/Himeth/data/rain100L/rain100L_test/Rain100L/rainy/rain-031.png,/home/minura/FYP/Workspace/Himeth/data/rain100L/rain100L_test/Rain100L/norain-031.png,
R032,Rain,Rain100L,/home/minura/FYP/Workspace/Himeth/data/rain100L/rain100L_test/Rain100L/rainy/rain-032.png,/home/minura/FYP/Workspace/Himeth/data/rain100L/rain100L_test/Rain100L/norain-032.png,
R033,Rain,Rain100L,/home/minura/FYP/Workspace/Himeth/data/rain100L/rain100L_test/Rain100L/rainy/rain-033.png,/home/minura/FYP/Workspace/Himeth/data/rain100L/rain100L_test/Rain100L/norain-033.png,
R034,Rain,Rain100L,/home/minura/FYP/Workspace/Himeth/data/rain100L/rain100L_test/Rain100L/rainy/rain-034.png,/home/minura/FYP/Workspace/Himeth/data/rain100L/rain100L_test/Rain100L/norain-034.png,
R035,Rain,Rain100L,/home/minura/FYP/Workspace/Himeth/data/rain100L/rain100L_test/Rain100L/rainy/rain-035.png,/home/minura/FYP/Workspace/Himeth/data/rain100L/rain100L_test/Rain100L/norain-035.png,
R036,Rain,Rain100L,/home/minura/FYP/Workspace/Himeth/data/rain100L/rain100L_test/Rain100L/rainy/rain-036.png,/home/minura/FYP/Workspace/Himeth/data/rain100L/rain100L_test/Rain100L/norain-036.png,
R037,Rain,Rain100L,/home/minura/FYP/Workspace/Himeth/data/rain100L/rain100L_test/Rain100L/rainy/rain-037.png,/home/minura/FYP/Workspace/Himeth/data/rain100L/rain100L_test/Rain100L/norain-037.png,
R038,Rain,Rain100L,/home/minura/FYP/Workspace/Himeth/data/rain100L/rain100L_test/Rain100L/rainy/rain-038.png,/home/minura/FYP/Workspace/Himeth/data/rain100L/rain100L_test/Rain100L/norain-038.png,
R039,Rain,Rain100L,/home/minura/FYP/Workspace/Himeth/data/rain100L/rain100L_test/Rain100L/rainy/rain-039.png,/home/minura/FYP/Workspace/Himeth/data/rain100L/rain100L_test/Rain100L/norain-039.png,
R040,Rain,Rain100L,/home/minura/FYP/Workspace/Himeth/data/rain100L/rain100L_test/Rain100L/rainy/rain-040.png,/home/minura/FYP/Workspace/Himeth/data/rain100L/rain100L_test/Rain100L/norain-040.png,
R041,Rain,Rain100L,/home/minura/FYP/Workspace/Himeth/data/rain100L/rain100L_test/Rain100L/rainy/rain-041.png,/home/minura/FYP/Workspace/Himeth/data/rain100L/rain100L_test/Rain100L/norain-041.png,
R042,Rain,Rain100L,/home/minura/FYP/Workspace/Himeth/data/rain100L/rain100L_test/Rain100L/rainy/rain-042.png,/home/minura/FYP/Workspace/Himeth/data/rain100L/rain100L_test/Rain100L/norain-042.png,
R043,Rain,Rain100L,/home/minura/FYP/Workspace/Himeth/data/rain100L/rain100L_test/Rain100L/rainy/rain-043.png,/home/minura/FYP/Workspace/Himeth/data/rain100L/rain100L_test/Rain100L/norain-043.png,
R044,Rain,Rain100L,/home/minura/FYP/Workspace/Himeth/data/rain100L/rain100L_test/Rain100L/rainy/rain-044.png,/home/minura/FYP/Workspace/Himeth/data/rain100L/rain100L_test/Rain100L/norain-044.png,
R045,Rain,Rain100L,/home/minura/FYP/Workspace/Himeth/data/rain100L/rain100L_test/Rain100L/rainy/rain-045.png,/home/minura/FYP/Workspace/Himeth/data/rain100L/rain100L_test/Rain100L/norain-045.png,
R046,Rain,Rain100L,/home/minura/FYP/Workspace/Himeth/data/rain100L/rain100L_test/Rain100L/rainy/rain-046.png,/home/minura/FYP/Workspace/Himeth/data/rain100L/rain100L_test/Rain100L/norain-046.png,
R047,Rain,Rain100L,/home/minura/FYP/Workspace/Himeth/data/rain100L/rain100L_test/Rain100L/rainy/rain-047.png,/home/minura/FYP/Workspace/Himeth/data/rain100L/rain100L_test/Rain100L/norain-047.png,
R048,Rain,Rain100L,/home/minura/FYP/Workspace/Himeth/data/rain100L/rain100L_test/Rain100L/rainy/rain-048.png,/home/minura/FYP/Workspace/Himeth/data/rain100L/rain100L_test/Rain100L/norain-048.png,
R049,Rain,Rain100L,/home/minura/FYP/Workspace/Himeth/data/rain100L/rain100L_test/Rain100L/rainy/rain-049.png,/home/minura/FYP/Workspace/Himeth/data/rain100L/rain100L_test/Rain100L/norain-049.png,
R050,Rain,Rain100L,/home/minura/FYP/Workspace/Himeth/data/rain100L/rain100L_test/Rain100L/rainy/rain-050.png,/home/minura/FYP/Workspace/Himeth/data/rain100L/rain100L_test/Rain100L/norain-050.png,
R051,Rain,Rain100L,/home/minura/FYP/Workspace/Himeth/data/rain100L/rain100L_test/Rain100L/rainy/rain-051.png,/home/minura/FYP/Workspace/Himeth/data/rain100L/rain100L_test/Rain100L/norain-051.png,
R052,Rain,Rain100L,/home/minura/FYP/Workspace/Himeth/data/rain100L/rain100L_test/Rain100L/rainy/rain-052.png,/home/minura/FYP/Workspace/Himeth/data/rain100L/rain100L_test/Rain100L/norain-052.png,
R053,Rain,Rain100L,/home/minura/FYP/Workspace/Himeth/data/rain100L/rain100L_test/Rain100L/rainy/rain-053.png,/home/minura/FYP/Workspace/Himeth/data/rain100L/rain100L_test/Rain100L/norain-053.png,
R054,Rain,Rain100L,/home/minura/FYP/Workspace/Himeth/data/rain100L/rain100L_test/Rain100L/rainy/rain-054.png,/home/minura/FYP/Workspace/Himeth/data/rain100L/rain100L_test/Rain100L/norain-054.png,
R055,Rain,Rain100L,/home/minura/FYP/Workspace/Himeth/data/rain100L/rain100L_test/Rain100L/rainy/rain-055.png,/home/minura/FYP/Workspace/Himeth/data/rain100L/rain100L_test/Rain100L/norain-055.png,
R056,Rain,Rain100L,/home/minura/FYP/Workspace/Himeth/data/rain100L/rain100L_test/Rain100L/rainy/rain-056.png,/home/minura/FYP/Workspace/Himeth/data/rain100L/rain100L_test/Rain100L/norain-056.png,
R057,Rain,Rain100L,/home/minura/FYP/Workspace/Himeth/data/rain100L/rain100L_test/Rain100L/rainy/rain-057.png,/home/minura/FYP/Workspace/Himeth/data/rain100L/rain100L_test/Rain100L/norain-057.png,
R058,Rain,Rain100L,/home/minura/FYP/Workspace/Himeth/data/rain100L/rain100L_test/Rain100L/rainy/rain-058.png,/home/minura/FYP/Workspace/Himeth/data/rain100L/rain100L_test/Rain100L/norain-058.png,
R059,Rain,Rain100L,/home/minura/FYP/Workspace/Himeth/data/rain100L/rain100L_test/Rain100L/rainy/rain-059.png,/home/minura/FYP/Workspace/Himeth/data/rain100L/rain100L_test/Rain100L/norain-059.png,
R060,Rain,Rain100L,/home/minura/FYP/Workspace/Himeth/data/rain100L/rain100L_test/Rain100L/rainy/rain-060.png,/home/minura/FYP/Workspace/Himeth/data/rain100L/rain100L_test/Rain100L/norain-060.png,
R061,Rain,Rain100L,/home/minura/FYP/Workspace/Himeth/data/rain100L/rain100L_test/Rain100L/rainy/rain-061.png,/home/minura/FYP/Workspace/Himeth/data/rain100L/rain100L_test/Rain100L/norain-061.png,
R062,Rain,Rain100L,/home/minura/FYP/Workspace/Himeth/data/rain100L/rain100L_test/Rain100L/rainy/rain-062.png,/home/minura/FYP/Workspace/Himeth/data/rain100L/rain100L_test/Rain100L/norain-062.png,
R063,Rain,Rain100L,/home/minura/FYP/Workspace/Himeth/data/rain100L/rain100L_test/Rain100L/rainy/rain-063.png,/home/minura/FYP/Workspace/Himeth/data/rain100L/rain100L_test/Rain100L/norain-063.png,
R064,Rain,Rain100L,/home/minura/FYP/Workspace/Himeth/data/rain100L/rain100L_test/Rain100L/rainy/rain-064.png,/home/minura/FYP/Workspace/Himeth/data/rain100L/rain100L_test/Rain100L/norain-064.png,
R065,Rain,Rain100L,/home/minura/FYP/Workspace/Himeth/data/rain100L/rain100L_test/Rain100L/rainy/rain-065.png,/home/minura/FYP/Workspace/Himeth/data/rain100L/rain100L_test/Rain100L/norain-065.png,
R066,Rain,Rain100L,/home/minura/FYP/Workspace/Himeth/data/rain100L/rain100L_test/Rain100L/rainy/rain-066.png,/home/minura/FYP/Workspace/Himeth/data/rain100L/rain100L_test/Rain100L/norain-066.png,
R067,Rain,Rain100L,/home/minura/FYP/Workspace/Himeth/data/rain100L/rain100L_test/Rain100L/rainy/rain-067.png,/home/minura/FYP/Workspace/Himeth/data/rain100L/rain100L_test/Rain100L/norain-067.png,
R068,Rain,Rain100L,/home/minura/FYP/Workspace/Himeth/data/rain100L/rain100L_test/Rain100L/rainy/rain-068.png,/home/minura/FYP/Workspace/Himeth/data/rain100L/rain100L_test/Rain100L/norain-068.png,
R069,Rain,Rain100L,/home/minura/FYP/Workspace/Himeth/data/rain100L/rain100L_test/Rain100L/rainy/rain-069.png,/home/minura/FYP/Workspace/Himeth/data/rain100L/rain100L_test/Rain100L/norain-069.png,
R070,Rain,Rain100L,/home/minura/FYP/Workspace/Himeth/data/rain100L/rain100L_test/Rain100L/rainy/rain-070.png,/home/minura/FYP/Workspace/Himeth/data/rain100L/rain100L_test/Rain100L/norain-070.png,
R071,Rain,Rain100L,/home/minura/FYP/Workspace/Himeth/data/rain100L/rain100L_test/Rain100L/rainy/rain-071.png,/home/minura/FYP/Workspace/Himeth/data/rain100L/rain100L_test/Rain100L/norain-071.png,
R072,Rain,Rain100L,/home/minura/FYP/Workspace/Himeth/data/rain100L/rain100L_test/Rain100L/rainy/rain-072.png,/home/minura/FYP/Workspace/Himeth/data/rain100L/rain100L_test/Rain100L/norain-072.png,
R073,Rain,Rain100L,/home/minura/FYP/Workspace/Himeth/data/rain100L/rain100L_test/Rain100L/rainy/rain-073.png,/home/minura/FYP/Workspace/Himeth/data/rain100L/rain100L_test/Rain100L/norain-073.png,
R074,Rain,Rain100L,/home/minura/FYP/Workspace/Himeth/data/rain100L/rain100L_test/Rain100L/rainy/rain-074.png,/home/minura/FYP/Workspace/Himeth/data/rain100L/rain100L_test/Rain100L/norain-074.png,
R075,Rain,Rain100L,/home/minura/FYP/Workspace/Himeth/data/rain100L/rain100L_test/Rain100L/rainy/rain-075.png,/home/minura/FYP/Workspace/Himeth/data/rain100L/rain100L_test/Rain100L/norain-075.png,
R076,Rain,Rain100L,/home/minura/FYP/Workspace/Himeth/data/rain100L/rain100L_test/Rain100L/rainy/rain-076.png,/home/minura/FYP/Workspace/Himeth/data/rain100L/rain100L_test/Rain100L/norain-076.png,
R077,Rain,Rain100L,/home/minura/FYP/Workspace/Himeth/data/rain100L/rain100L_test/Rain100L/rainy/rain-077.png,/home/minura/FYP/Workspace/Himeth/data/rain100L/rain100L_test/Rain100L/norain-077.png,
R078,Rain,Rain100L,/home/minura/FYP/Workspace/Himeth/data/rain100L/rain100L_test/Rain100L/rainy/rain-078.png,/home/minura/FYP/Workspace/Himeth/data/rain100L/rain100L_test/Rain100L/norain-078.png,
R079,Rain,Rain100L,/home/minura/FYP/Workspace/Himeth/data/rain100L/rain100L_test/Rain100L/rainy/rain-079.png,/home/minura/FYP/Workspace/Himeth/data/rain100L/rain100L_test/Rain100L/norain-079.png,
R080,Rain,Rain100L,/home/minura/FYP/Workspace/Himeth/data/rain100L/rain100L_test/Rain100L/rainy/rain-080.png,/home/minura/FYP/Workspace/Himeth/data/rain100L/rain100L_test/Rain100L/norain-080.png,
R081,Rain,Rain100L,/home/minura/FYP/Workspace/Himeth/data/rain100L/rain100L_test/Rain100L/rainy/rain-081.png,/home/minura/FYP/Workspace/Himeth/data/rain100L/rain100L_test/Rain100L/norain-081.png,
R082,Rain,Rain100L,/home/minura/FYP/Workspace/Himeth/data/rain100L/rain100L_test/Rain100L/rainy/rain-082.png,/home/minura/FYP/Workspace/Himeth/data/rain100L/rain100L_test/Rain100L/norain-082.png,
R083,Rain,Rain100L,/home/minura/FYP/Workspace/Himeth/data/rain100L/rain100L_test/Rain100L/rainy/rain-083.png,/home/minura/FYP/Workspace/Himeth/data/rain100L/rain100L_test/Rain100L/norain-083.png,
R084,Rain,Rain100L,/home/minura/FYP/Workspace/Himeth/data/rain100L/rain100L_test/Rain100L/rainy/rain-084.png,/home/minura/FYP/Workspace/Himeth/data/rain100L/rain100L_test/Rain100L/norain-084.png,
R085,Rain,Rain100L,/home/minura/FYP/Workspace/Himeth/data/rain100L/rain100L_test/Rain100L/rainy/rain-085.png,/home/minura/FYP/Workspace/Himeth/data/rain100L/rain100L_test/Rain100L/norain-085.png,
R086,Rain,Rain100L,/home/minura/FYP/Workspace/Himeth/data/rain100L/rain100L_test/Rain100L/rainy/rain-086.png,/home/minura/FYP/Workspace/Himeth/data/rain100L/rain100L_test/Rain100L/norain-086.png,
R087,Rain,Rain100L,/home/minura/FYP/Workspace/Himeth/data/rain100L/rain100L_test/Rain100L/rainy/rain-087.png,/home/minura/FYP/Workspace/Himeth/data/rain100L/rain100L_test/Rain100L/norain-087.png,
R088,Rain,Rain100L,/home/minura/FYP/Workspace/Himeth/data/rain100L/rain100L_test/Rain100L/rainy/rain-088.png,/home/minura/FYP/Workspace/Himeth/data/rain100L/rain100L_test/Rain100L/norain-088.png,
R089,Rain,Rain100L,/home/minura/FYP/Workspace/Himeth/data/rain100L/rain100L_test/Rain100L/rainy/rain-089.png,/home/minura/FYP/Workspace/Himeth/data/rain100L/rain100L_test/Rain100L/norain-089.png,
R090,Rain,Rain100L,/home/minura/FYP/Workspace/Himeth/data/rain100L/rain100L_test/Rain100L/rainy/rain-090.png,/home/minura/FYP/Workspace/Himeth/data/rain100L/rain100L_test/Rain100L/norain-090.png,
R091,Rain,Rain100L,/home/minura/FYP/Workspace/Himeth/data/rain100L/rain100L_test/Rain100L/rainy/rain-091.png,/home/minura/FYP/Workspace/Himeth/data/rain100L/rain100L_test/Rain100L/norain-091.png,
R092,Rain,Rain100L,/home/minura/FYP/Workspace/Himeth/data/rain100L/rain100L_test/Rain100L/rainy/rain-092.png,/home/minura/FYP/Workspace/Himeth/data/rain100L/rain100L_test/Rain100L/norain-092.png,
R093,Rain,Rain100L,/home/minura/FYP/Workspace/Himeth/data/rain100L/rain100L_test/Rain100L/rainy/rain-093.png,/home/minura/FYP/Workspace/Himeth/data/rain100L/rain100L_test/Rain100L/norain-093.png,
R094,Rain,Rain100L,/home/minura/FYP/Workspace/Himeth/data/rain100L/rain100L_test/Rain100L/rainy/rain-094.png,/home/minura/FYP/Workspace/Himeth/data/rain100L/rain100L_test/Rain100L/norain-094.png,
R095,Rain,Rain100L,/home/minura/FYP/Workspace/Himeth/data/rain100L/rain100L_test/Rain100L/rainy/rain-095.png,/home/minura/FYP/Workspace/Himeth/data/rain100L/rain100L_test/Rain100L/norain-095.png,
R096,Rain,Rain100L,/home/minura/FYP/Workspace/Himeth/data/rain100L/rain100L_test/Rain100L/rainy/rain-096.png,/home/minura/FYP/Workspace/Himeth/data/rain100L/rain100L_test/Rain100L/norain-096.png,
R097,Rain,Rain100L,/home/minura/FYP/Workspace/Himeth/data/rain100L/rain100L_test/Rain100L/rainy/rain-097.png,/home/minura/FYP/Workspace/Himeth/data/rain100L/rain100L_test/Rain100L/norain-097.png,
R098,Rain,Rain100L,/home/minura/FYP/Workspace/Himeth/data/rain100L/rain100L_test/Rain100L/rainy/rain-098.png,/home/minura/FYP/Workspace/Himeth/data/rain100L/rain100L_test/Rain100L/norain-098.png,
R099,Rain,Rain100L,/home/minura/FYP/Workspace/Himeth/data/rain100L/rain100L_test/Rain100L/rainy/rain-099.png,/home/minura/FYP/Workspace/Himeth/data/rain100L/rain100L_test/Rain100L/norain-099.png,
R100,Rain,Rain100L,/home/minura/FYP/Workspace/Himeth/data/rain100L/rain100L_test/Rain100L/rainy/rain-100.png,/home/minura/FYP/Workspace/Himeth/data/rain100L/rain100L_test/Rain100L/norain-100.png,
H001,Haze,SOTS-outdoor,/home/minura/fyp-adair-distill/data/dehaze/RESIDE/SOTS/outdoor/input/0001_0.8_0.2.jpg,/home/minura/fyp-adair-distill/data/dehaze/RESIDE/SOTS/outdoor/target/0001.png,
H002,Haze,SOTS-outdoor,/home/minura/fyp-adair-distill/data/dehaze/RESIDE/SOTS/outdoor/input/0002_0.8_0.08.jpg,/home/minura/fyp-adair-distill/data/dehaze/RESIDE/SOTS/outdoor/target/0002.png,
H003,Haze,SOTS-outdoor,/home/minura/fyp-adair-distill/data/dehaze/RESIDE/SOTS/outdoor/input/0003_0.8_0.2.jpg,/home/minura/fyp-adair-distill/data/dehaze/RESIDE/SOTS/outdoor/target/0003.png,
H004,Haze,SOTS-outdoor,/home/minura/fyp-adair-distill/data/dehaze/RESIDE/SOTS/outdoor/input/0004_0.9_0.12.jpg,/home/minura/fyp-adair-distill/data/dehaze/RESIDE/SOTS/outdoor/target/0004.png,
H005,Haze,SOTS-outdoor,/home/minura/fyp-adair-distill/data/dehaze/RESIDE/SOTS/outdoor/input/0006_0.85_0.08.jpg,/home/minura/fyp-adair-distill/data/dehaze/RESIDE/SOTS/outdoor/target/0006.png,
H006,Haze,SOTS-outdoor,/home/minura/fyp-adair-distill/data/dehaze/RESIDE/SOTS/outdoor/input/0007_0.9_0.16.jpg,/home/minura/fyp-adair-distill/data/dehaze/RESIDE/SOTS/outdoor/target/0007.png,
H007,Haze,SOTS-outdoor,/home/minura/fyp-adair-distill/data/dehaze/RESIDE/SOTS/outdoor/input/0009_0.8_0.16.jpg,/home/minura/fyp-adair-distill/data/dehaze/RESIDE/SOTS/outdoor/target/0009.png,
H008,Haze,SOTS-outdoor,/home/minura/fyp-adair-distill/data/dehaze/RESIDE/SOTS/outdoor/input/0010_0.95_0.16.jpg,/home/minura/fyp-adair-distill/data/dehaze/RESIDE/SOTS/outdoor/target/0010.png,
H009,Haze,SOTS-outdoor,/home/minura/fyp-adair-distill/data/dehaze/RESIDE/SOTS/outdoor/input/0011_0.95_0.16.jpg,/home/minura/fyp-adair-distill/data/dehaze/RESIDE/SOTS/outdoor/target/0011.png,
H010,Haze,SOTS-outdoor,/home/minura/fyp-adair-distill/data/dehaze/RESIDE/SOTS/outdoor/input/0014_0.8_0.12.jpg,/home/minura/fyp-adair-distill/data/dehaze/RESIDE/SOTS/outdoor/target/0014.png,
H011,Haze,SOTS-outdoor,/home/minura/fyp-adair-distill/data/dehaze/RESIDE/SOTS/outdoor/input/0016_0.8_0.08.jpg,/home/minura/fyp-adair-distill/data/dehaze/RESIDE/SOTS/outdoor/target/0016.png,
H012,Haze,SOTS-outdoor,/home/minura/fyp-adair-distill/data/dehaze/RESIDE/SOTS/outdoor/input/0017_0.9_0.08.jpg,/home/minura/fyp-adair-distill/data/dehaze/RESIDE/SOTS/outdoor/target/0017.png,
H013,Haze,SOTS-outdoor,/home/minura/fyp-adair-distill/data/dehaze/RESIDE/SOTS/outdoor/input/0018_0.9_0.2.jpg,/home/minura/fyp-adair-distill/data/dehaze/RESIDE/SOTS/outdoor/target/0018.png,
H014,Haze,SOTS-outdoor,/home/minura/fyp-adair-distill/data/dehaze/RESIDE/SOTS/outdoor/input/0019_0.8_0.16.jpg,/home/minura/fyp-adair-distill/data/dehaze/RESIDE/SOTS/outdoor/target/0019.png,
H015,Haze,SOTS-outdoor,/home/minura/fyp-adair-distill/data/dehaze/RESIDE/SOTS/outdoor/input/0021_0.8_0.08.jpg,/home/minura/fyp-adair-distill/data/dehaze/RESIDE/SOTS/outdoor/target/0021.png,
H016,Haze,SOTS-outdoor,/home/minura/fyp-adair-distill/data/dehaze/RESIDE/SOTS/outdoor/input/0022_0.8_0.08.jpg,/home/minura/fyp-adair-distill/data/dehaze/RESIDE/SOTS/outdoor/target/0022.png,
H017,Haze,SOTS-outdoor,/home/minura/fyp-adair-distill/data/dehaze/RESIDE/SOTS/outdoor/input/0023_0.85_0.12.jpg,/home/minura/fyp-adair-distill/data/dehaze/RESIDE/SOTS/outdoor/target/0023.png,
H018,Haze,SOTS-outdoor,/home/minura/fyp-adair-distill/data/dehaze/RESIDE/SOTS/outdoor/input/0024_0.85_0.08.jpg,/home/minura/fyp-adair-distill/data/dehaze/RESIDE/SOTS/outdoor/target/0024.png,
H019,Haze,SOTS-outdoor,/home/minura/fyp-adair-distill/data/dehaze/RESIDE/SOTS/outdoor/input/0025_0.8_0.16.jpg,/home/minura/fyp-adair-distill/data/dehaze/RESIDE/SOTS/outdoor/target/0025.png,
H020,Haze,SOTS-outdoor,/home/minura/fyp-adair-distill/data/dehaze/RESIDE/SOTS/outdoor/input/0026_0.95_0.08.jpg,/home/minura/fyp-adair-distill/data/dehaze/RESIDE/SOTS/outdoor/target/0026.png,
H021,Haze,SOTS-outdoor,/home/minura/fyp-adair-distill/data/dehaze/RESIDE/SOTS/outdoor/input/0029_0.85_0.08.jpg,/home/minura/fyp-adair-distill/data/dehaze/RESIDE/SOTS/outdoor/target/0029.png,
H022,Haze,SOTS-outdoor,/home/minura/fyp-adair-distill/data/dehaze/RESIDE/SOTS/outdoor/input/0030_0.95_0.12.jpg,/home/minura/fyp-adair-distill/data/dehaze/RESIDE/SOTS/outdoor/target/0030.png,
H023,Haze,SOTS-outdoor,/home/minura/fyp-adair-distill/data/dehaze/RESIDE/SOTS/outdoor/input/0033_0.85_0.08.jpg,/home/minura/fyp-adair-distill/data/dehaze/RESIDE/SOTS/outdoor/target/0033.png,
H024,Haze,SOTS-outdoor,/home/minura/fyp-adair-distill/data/dehaze/RESIDE/SOTS/outdoor/input/0034_0.9_0.16.jpg,/home/minura/fyp-adair-distill/data/dehaze/RESIDE/SOTS/outdoor/target/0034.png,
H025,Haze,SOTS-outdoor,/home/minura/fyp-adair-distill/data/dehaze/RESIDE/SOTS/outdoor/input/0036_1_0.08.jpg,/home/minura/fyp-adair-distill/data/dehaze/RESIDE/SOTS/outdoor/target/0036.png,
H026,Haze,SOTS-outdoor,/home/minura/fyp-adair-distill/data/dehaze/RESIDE/SOTS/outdoor/input/0039_0.9_0.2.jpg,/home/minura/fyp-adair-distill/data/dehaze/RESIDE/SOTS/outdoor/target/0039.png,
H027,Haze,SOTS-outdoor,/home/minura/fyp-adair-distill/data/dehaze/RESIDE/SOTS/outdoor/input/0040_1_0.08.jpg,/home/minura/fyp-adair-distill/data/dehaze/RESIDE/SOTS/outdoor/target/0040.png,
H028,Haze,SOTS-outdoor,/home/minura/fyp-adair-distill/data/dehaze/RESIDE/SOTS/outdoor/input/0042_0.8_0.2.jpg,/home/minura/fyp-adair-distill/data/dehaze/RESIDE/SOTS/outdoor/target/0042.png,
H029,Haze,SOTS-outdoor,/home/minura/fyp-adair-distill/data/dehaze/RESIDE/SOTS/outdoor/input/0045_0.8_0.16.jpg,/home/minura/fyp-adair-distill/data/dehaze/RESIDE/SOTS/outdoor/target/0045.png,
H030,Haze,SOTS-outdoor,/home/minura/fyp-adair-distill/data/dehaze/RESIDE/SOTS/outdoor/input/0046_0.9_0.16.jpg,/home/minura/fyp-adair-distill/data/dehaze/RESIDE/SOTS/outdoor/target/0046.png,
H031,Haze,SOTS-outdoor,/home/minura/fyp-adair-distill/data/dehaze/RESIDE/SOTS/outdoor/input/0047_0.9_0.12.jpg,/home/minura/fyp-adair-distill/data/dehaze/RESIDE/SOTS/outdoor/target/0047.png,
H032,Haze,SOTS-outdoor,/home/minura/fyp-adair-distill/data/dehaze/RESIDE/SOTS/outdoor/input/0048_0.9_0.2.jpg,/home/minura/fyp-adair-distill/data/dehaze/RESIDE/SOTS/outdoor/target/0048.png,
H033,Haze,SOTS-outdoor,/home/minura/fyp-adair-distill/data/dehaze/RESIDE/SOTS/outdoor/input/0049_0.85_0.12.jpg,/home/minura/fyp-adair-distill/data/dehaze/RESIDE/SOTS/outdoor/target/0049.png,
H034,Haze,SOTS-outdoor,/home/minura/fyp-adair-distill/data/dehaze/RESIDE/SOTS/outdoor/input/0051_0.8_0.2.jpg,/home/minura/fyp-adair-distill/data/dehaze/RESIDE/SOTS/outdoor/target/0051.png,
H035,Haze,SOTS-outdoor,/home/minura/fyp-adair-distill/data/dehaze/RESIDE/SOTS/outdoor/input/0052_0.9_0.16.jpg,/home/minura/fyp-adair-distill/data/dehaze/RESIDE/SOTS/outdoor/target/0052.png,
H036,Haze,SOTS-outdoor,/home/minura/fyp-adair-distill/data/dehaze/RESIDE/SOTS/outdoor/input/0053_0.9_0.12.jpg,/home/minura/fyp-adair-distill/data/dehaze/RESIDE/SOTS/outdoor/target/0053.png,
H037,Haze,SOTS-outdoor,/home/minura/fyp-adair-distill/data/dehaze/RESIDE/SOTS/outdoor/input/0054_0.85_0.16.jpg,/home/minura/fyp-adair-distill/data/dehaze/RESIDE/SOTS/outdoor/target/0054.png,
H038,Haze,SOTS-outdoor,/home/minura/fyp-adair-distill/data/dehaze/RESIDE/SOTS/outdoor/input/0055_0.85_0.12.jpg,/home/minura/fyp-adair-distill/data/dehaze/RESIDE/SOTS/outdoor/target/0055.png,
H039,Haze,SOTS-outdoor,/home/minura/fyp-adair-distill/data/dehaze/RESIDE/SOTS/outdoor/input/0056_0.8_0.16.jpg,/home/minura/fyp-adair-distill/data/dehaze/RESIDE/SOTS/outdoor/target/0056.png,
H040,Haze,SOTS-outdoor,/home/minura/fyp-adair-distill/data/dehaze/RESIDE/SOTS/outdoor/input/0057_0.8_0.12.jpg,/home/minura/fyp-adair-distill/data/dehaze/RESIDE/SOTS/outdoor/target/0057.png,
H041,Haze,SOTS-outdoor,/home/minura/fyp-adair-distill/data/dehaze/RESIDE/SOTS/outdoor/input/0058_0.8_0.2.jpg,/home/minura/fyp-adair-distill/data/dehaze/RESIDE/SOTS/outdoor/target/0058.png,
H042,Haze,SOTS-outdoor,/home/minura/fyp-adair-distill/data/dehaze/RESIDE/SOTS/outdoor/input/0059_0.9_0.12.jpg,/home/minura/fyp-adair-distill/data/dehaze/RESIDE/SOTS/outdoor/target/0059.png,
H043,Haze,SOTS-outdoor,/home/minura/fyp-adair-distill/data/dehaze/RESIDE/SOTS/outdoor/input/0060_0.9_0.2.jpg,/home/minura/fyp-adair-distill/data/dehaze/RESIDE/SOTS/outdoor/target/0060.png,
H044,Haze,SOTS-outdoor,/home/minura/fyp-adair-distill/data/dehaze/RESIDE/SOTS/outdoor/input/0061_0.8_0.2.jpg,/home/minura/fyp-adair-distill/data/dehaze/RESIDE/SOTS/outdoor/target/0061.png,
H045,Haze,SOTS-outdoor,/home/minura/fyp-adair-distill/data/dehaze/RESIDE/SOTS/outdoor/input/0062_0.9_0.2.jpg,/home/minura/fyp-adair-distill/data/dehaze/RESIDE/SOTS/outdoor/target/0062.png,
H046,Haze,SOTS-outdoor,/home/minura/fyp-adair-distill/data/dehaze/RESIDE/SOTS/outdoor/input/0063_0.8_0.16.jpg,/home/minura/fyp-adair-distill/data/dehaze/RESIDE/SOTS/outdoor/target/0063.png,
H047,Haze,SOTS-outdoor,/home/minura/fyp-adair-distill/data/dehaze/RESIDE/SOTS/outdoor/input/0064_0.8_0.2.jpg,/home/minura/fyp-adair-distill/data/dehaze/RESIDE/SOTS/outdoor/target/0064.png,
H048,Haze,SOTS-outdoor,/home/minura/fyp-adair-distill/data/dehaze/RESIDE/SOTS/outdoor/input/0065_0.9_0.12.jpg,/home/minura/fyp-adair-distill/data/dehaze/RESIDE/SOTS/outdoor/target/0065.png,
H049,Haze,SOTS-outdoor,/home/minura/fyp-adair-distill/data/dehaze/RESIDE/SOTS/outdoor/input/0066_1_0.08.jpg,/home/minura/fyp-adair-distill/data/dehaze/RESIDE/SOTS/outdoor/target/0066.png,
H050,Haze,SOTS-outdoor,/home/minura/fyp-adair-distill/data/dehaze/RESIDE/SOTS/outdoor/input/0068_1_0.16.jpg,/home/minura/fyp-adair-distill/data/dehaze/RESIDE/SOTS/outdoor/target/0068.png,
H051,Haze,SOTS-outdoor,/home/minura/fyp-adair-distill/data/dehaze/RESIDE/SOTS/outdoor/input/0069_0.9_0.16.jpg,/home/minura/fyp-adair-distill/data/dehaze/RESIDE/SOTS/outdoor/target/0069.png,
H052,Haze,SOTS-outdoor,/home/minura/fyp-adair-distill/data/dehaze/RESIDE/SOTS/outdoor/input/0070_0.9_0.12.jpg,/home/minura/fyp-adair-distill/data/dehaze/RESIDE/SOTS/outdoor/target/0070.png,
H053,Haze,SOTS-outdoor,/home/minura/fyp-adair-distill/data/dehaze/RESIDE/SOTS/outdoor/input/0071_0.8_0.2.jpg,/home/minura/fyp-adair-distill/data/dehaze/RESIDE/SOTS/outdoor/target/0071.png,
H054,Haze,SOTS-outdoor,/home/minura/fyp-adair-distill/data/dehaze/RESIDE/SOTS/outdoor/input/0072_0.9_0.2.jpg,/home/minura/fyp-adair-distill/data/dehaze/RESIDE/SOTS/outdoor/target/0072.png,
H055,Haze,SOTS-outdoor,/home/minura/fyp-adair-distill/data/dehaze/RESIDE/SOTS/outdoor/input/0073_0.8_0.16.jpg,/home/minura/fyp-adair-distill/data/dehaze/RESIDE/SOTS/outdoor/target/0073.png,
H056,Haze,SOTS-outdoor,/home/minura/fyp-adair-distill/data/dehaze/RESIDE/SOTS/outdoor/input/0074_0.8_0.2.jpg,/home/minura/fyp-adair-distill/data/dehaze/RESIDE/SOTS/outdoor/target/0074.png,
H057,Haze,SOTS-outdoor,/home/minura/fyp-adair-distill/data/dehaze/RESIDE/SOTS/outdoor/input/0075_0.8_0.2.jpg,/home/minura/fyp-adair-distill/data/dehaze/RESIDE/SOTS/outdoor/target/0075.png,
H058,Haze,SOTS-outdoor,/home/minura/fyp-adair-distill/data/dehaze/RESIDE/SOTS/outdoor/input/0076_0.8_0.2.jpg,/home/minura/fyp-adair-distill/data/dehaze/RESIDE/SOTS/outdoor/target/0076.png,
H059,Haze,SOTS-outdoor,/home/minura/fyp-adair-distill/data/dehaze/RESIDE/SOTS/outdoor/input/0077_0.8_0.2.jpg,/home/minura/fyp-adair-distill/data/dehaze/RESIDE/SOTS/outdoor/target/0077.png,
H060,Haze,SOTS-outdoor,/home/minura/fyp-adair-distill/data/dehaze/RESIDE/SOTS/outdoor/input/0079_0.8_0.12.jpg,/home/minura/fyp-adair-distill/data/dehaze/RESIDE/SOTS/outdoor/target/0079.png,
H061,Haze,SOTS-outdoor,/home/minura/fyp-adair-distill/data/dehaze/RESIDE/SOTS/outdoor/input/0081_0.8_0.2.jpg,/home/minura/fyp-adair-distill/data/dehaze/RESIDE/SOTS/outdoor/target/0081.png,
H062,Haze,SOTS-outdoor,/home/minura/fyp-adair-distill/data/dehaze/RESIDE/SOTS/outdoor/input/0082_0.85_0.16.jpg,/home/minura/fyp-adair-distill/data/dehaze/RESIDE/SOTS/outdoor/target/0082.png,
H063,Haze,SOTS-outdoor,/home/minura/fyp-adair-distill/data/dehaze/RESIDE/SOTS/outdoor/input/0083_0.85_0.12.jpg,/home/minura/fyp-adair-distill/data/dehaze/RESIDE/SOTS/outdoor/target/0083.png,
H064,Haze,SOTS-outdoor,/home/minura/fyp-adair-distill/data/dehaze/RESIDE/SOTS/outdoor/input/0084_0.95_0.16.jpg,/home/minura/fyp-adair-distill/data/dehaze/RESIDE/SOTS/outdoor/target/0084.png,
H065,Haze,SOTS-outdoor,/home/minura/fyp-adair-distill/data/dehaze/RESIDE/SOTS/outdoor/input/0085_0.95_0.08.jpg,/home/minura/fyp-adair-distill/data/dehaze/RESIDE/SOTS/outdoor/target/0085.png,
H066,Haze,SOTS-outdoor,/home/minura/fyp-adair-distill/data/dehaze/RESIDE/SOTS/outdoor/input/0086_0.8_0.2.jpg,/home/minura/fyp-adair-distill/data/dehaze/RESIDE/SOTS/outdoor/target/0086.png,
H067,Haze,SOTS-outdoor,/home/minura/fyp-adair-distill/data/dehaze/RESIDE/SOTS/outdoor/input/0087_0.9_0.16.jpg,/home/minura/fyp-adair-distill/data/dehaze/RESIDE/SOTS/outdoor/target/0087.png,
H068,Haze,SOTS-outdoor,/home/minura/fyp-adair-distill/data/dehaze/RESIDE/SOTS/outdoor/input/0088_0.9_0.12.jpg,/home/minura/fyp-adair-distill/data/dehaze/RESIDE/SOTS/outdoor/target/0088.png,
H069,Haze,SOTS-outdoor,/home/minura/fyp-adair-distill/data/dehaze/RESIDE/SOTS/outdoor/input/0089_0.9_0.2.jpg,/home/minura/fyp-adair-distill/data/dehaze/RESIDE/SOTS/outdoor/target/0089.png,
H070,Haze,SOTS-outdoor,/home/minura/fyp-adair-distill/data/dehaze/RESIDE/SOTS/outdoor/input/0090_0.85_0.12.jpg,/home/minura/fyp-adair-distill/data/dehaze/RESIDE/SOTS/outdoor/target/0090.png,
H071,Haze,SOTS-outdoor,/home/minura/fyp-adair-distill/data/dehaze/RESIDE/SOTS/outdoor/input/0091_0.85_0.2.jpg,/home/minura/fyp-adair-distill/data/dehaze/RESIDE/SOTS/outdoor/target/0091.png,
H072,Haze,SOTS-outdoor,/home/minura/fyp-adair-distill/data/dehaze/RESIDE/SOTS/outdoor/input/0092_0.85_0.2.jpg,/home/minura/fyp-adair-distill/data/dehaze/RESIDE/SOTS/outdoor/target/0092.png,
H073,Haze,SOTS-outdoor,/home/minura/fyp-adair-distill/data/dehaze/RESIDE/SOTS/outdoor/input/0093_0.8_0.08.jpg,/home/minura/fyp-adair-distill/data/dehaze/RESIDE/SOTS/outdoor/target/0093.png,
H074,Haze,SOTS-outdoor,/home/minura/fyp-adair-distill/data/dehaze/RESIDE/SOTS/outdoor/input/0094_0.8_0.2.jpg,/home/minura/fyp-adair-distill/data/dehaze/RESIDE/SOTS/outdoor/target/0094.png,
H075,Haze,SOTS-outdoor,/home/minura/fyp-adair-distill/data/dehaze/RESIDE/SOTS/outdoor/input/0095_0.8_0.08.jpg,/home/minura/fyp-adair-distill/data/dehaze/RESIDE/SOTS/outdoor/target/0095.png,
H076,Haze,SOTS-outdoor,/home/minura/fyp-adair-distill/data/dehaze/RESIDE/SOTS/outdoor/input/0096_0.8_0.2.jpg,/home/minura/fyp-adair-distill/data/dehaze/RESIDE/SOTS/outdoor/target/0096.png,
H077,Haze,SOTS-outdoor,/home/minura/fyp-adair-distill/data/dehaze/RESIDE/SOTS/outdoor/input/0097_0.85_0.08.jpg,/home/minura/fyp-adair-distill/data/dehaze/RESIDE/SOTS/outdoor/target/0097.png,
H078,Haze,SOTS-outdoor,/home/minura/fyp-adair-distill/data/dehaze/RESIDE/SOTS/outdoor/input/0098_0.85_0.2.jpg,/home/minura/fyp-adair-distill/data/dehaze/RESIDE/SOTS/outdoor/target/0098.png,
H079,Haze,SOTS-outdoor,/home/minura/fyp-adair-distill/data/dehaze/RESIDE/SOTS/outdoor/input/0099_0.9_0.16.jpg,/home/minura/fyp-adair-distill/data/dehaze/RESIDE/SOTS/outdoor/target/0099.png,
H080,Haze,SOTS-outdoor,/home/minura/fyp-adair-distill/data/dehaze/RESIDE/SOTS/outdoor/input/0100_0.9_0.12.jpg,/home/minura/fyp-adair-distill/data/dehaze/RESIDE/SOTS/outdoor/target/0100.png,
H081,Haze,SOTS-outdoor,/home/minura/fyp-adair-distill/data/dehaze/RESIDE/SOTS/outdoor/input/0101_0.9_0.08.jpg,/home/minura/fyp-adair-distill/data/dehaze/RESIDE/SOTS/outdoor/target/0101.png,
H082,Haze,SOTS-outdoor,/home/minura/fyp-adair-distill/data/dehaze/RESIDE/SOTS/outdoor/input/0102_0.85_0.12.jpg,/home/minura/fyp-adair-distill/data/dehaze/RESIDE/SOTS/outdoor/target/0102.png,
H083,Haze,SOTS-outdoor,/home/minura/fyp-adair-distill/data/dehaze/RESIDE/SOTS/outdoor/input/0104_0.95_0.12.jpg,/home/minura/fyp-adair-distill/data/dehaze/RESIDE/SOTS/outdoor/target/0104.png,
H084,Haze,SOTS-outdoor,/home/minura/fyp-adair-distill/data/dehaze/RESIDE/SOTS/outdoor/input/0105_0.95_0.2.jpg,/home/minura/fyp-adair-distill/data/dehaze/RESIDE/SOTS/outdoor/target/0105.png,
H085,Haze,SOTS-outdoor,/home/minura/fyp-adair-distill/data/dehaze/RESIDE/SOTS/outdoor/input/0106_0.9_0.08.jpg,/home/minura/fyp-adair-distill/data/dehaze/RESIDE/SOTS/outdoor/target/0106.png,
H086,Haze,SOTS-outdoor,/home/minura/fyp-adair-distill/data/dehaze/RESIDE/SOTS/outdoor/input/0107_0.9_0.08.jpg,/home/minura/fyp-adair-distill/data/dehaze/RESIDE/SOTS/outdoor/target/0107.png,
H087,Haze,SOTS-outdoor,/home/minura/fyp-adair-distill/data/dehaze/RESIDE/SOTS/outdoor/input/0108_0.8_0.16.jpg,/home/minura/fyp-adair-distill/data/dehaze/RESIDE/SOTS/outdoor/target/0108.png,
H088,Haze,SOTS-outdoor,/home/minura/fyp-adair-distill/data/dehaze/RESIDE/SOTS/outdoor/input/0109_0.85_0.08.jpg,/home/minura/fyp-adair-distill/data/dehaze/RESIDE/SOTS/outdoor/target/0109.png,
H089,Haze,SOTS-outdoor,/home/minura/fyp-adair-distill/data/dehaze/RESIDE/SOTS/outdoor/input/0110_0.8_0.12.jpg,/home/minura/fyp-adair-distill/data/dehaze/RESIDE/SOTS/outdoor/target/0110.png,
H090,Haze,SOTS-outdoor,/home/minura/fyp-adair-distill/data/dehaze/RESIDE/SOTS/outdoor/input/0111_0.8_0.2.jpg,/home/minura/fyp-adair-distill/data/dehaze/RESIDE/SOTS/outdoor/target/0111.png,
H091,Haze,SOTS-outdoor,/home/minura/fyp-adair-distill/data/dehaze/RESIDE/SOTS/outdoor/input/0112_0.8_0.2.jpg,/home/minura/fyp-adair-distill/data/dehaze/RESIDE/SOTS/outdoor/target/0112.png,
H092,Haze,SOTS-outdoor,/home/minura/fyp-adair-distill/data/dehaze/RESIDE/SOTS/outdoor/input/0113_0.9_0.08.jpg,/home/minura/fyp-adair-distill/data/dehaze/RESIDE/SOTS/outdoor/target/0113.png,
H093,Haze,SOTS-outdoor,/home/minura/fyp-adair-distill/data/dehaze/RESIDE/SOTS/outdoor/input/0115_0.8_0.12.jpg,/home/minura/fyp-adair-distill/data/dehaze/RESIDE/SOTS/outdoor/target/0115.png,
H094,Haze,SOTS-outdoor,/home/minura/fyp-adair-distill/data/dehaze/RESIDE/SOTS/outdoor/input/0116_0.9_0.16.jpg,/home/minura/fyp-adair-distill/data/dehaze/RESIDE/SOTS/outdoor/target/0116.png,
H095,Haze,SOTS-outdoor,/home/minura/fyp-adair-distill/data/dehaze/RESIDE/SOTS/outdoor/input/0117_0.9_0.12.jpg,/home/minura/fyp-adair-distill/data/dehaze/RESIDE/SOTS/outdoor/target/0117.png,
H096,Haze,SOTS-outdoor,/home/minura/fyp-adair-distill/data/dehaze/RESIDE/SOTS/outdoor/input/0118_0.9_0.2.jpg,/home/minura/fyp-adair-distill/data/dehaze/RESIDE/SOTS/outdoor/target/0118.png,
H097,Haze,SOTS-outdoor,/home/minura/fyp-adair-distill/data/dehaze/RESIDE/SOTS/outdoor/input/0119_0.85_0.12.jpg,/home/minura/fyp-adair-distill/data/dehaze/RESIDE/SOTS/outdoor/target/0119.png,
H098,Haze,SOTS-outdoor,/home/minura/fyp-adair-distill/data/dehaze/RESIDE/SOTS/outdoor/input/0120_0.85_0.08.jpg,/home/minura/fyp-adair-distill/data/dehaze/RESIDE/SOTS/outdoor/target/0120.png,
H099,Haze,SOTS-outdoor,/home/minura/fyp-adair-distill/data/dehaze/RESIDE/SOTS/outdoor/input/0121_0.85_0.2.jpg,/home/minura/fyp-adair-distill/data/dehaze/RESIDE/SOTS/outdoor/target/0121.png,
H100,Haze,SOTS-outdoor,/home/minura/fyp-adair-distill/data/dehaze/RESIDE/SOTS/outdoor/input/0123_1_0.08.jpg,/home/minura/fyp-adair-distill/data/dehaze/RESIDE/SOTS/outdoor/target/0123.png,
N001,Noise,BSD68,/home/minura/fyp-adair-distill/data/test/denoise/bsd68/101085.jpg,/home/minura/fyp-adair-distill/data/test/denoise/bsd68/101085.jpg,25
N002,Noise,BSD68,/home/minura/fyp-adair-distill/data/test/denoise/bsd68/101087.jpg,/home/minura/fyp-adair-distill/data/test/denoise/bsd68/101087.jpg,25
N003,Noise,BSD68,/home/minura/fyp-adair-distill/data/test/denoise/bsd68/102061.jpg,/home/minura/fyp-adair-distill/data/test/denoise/bsd68/102061.jpg,25
N004,Noise,BSD68,/home/minura/fyp-adair-distill/data/test/denoise/bsd68/103070.jpg,/home/minura/fyp-adair-distill/data/test/denoise/bsd68/103070.jpg,25
N005,Noise,BSD68,/home/minura/fyp-adair-distill/data/test/denoise/bsd68/105025.jpg,/home/minura/fyp-adair-distill/data/test/denoise/bsd68/105025.jpg,25
N006,Noise,BSD68,/home/minura/fyp-adair-distill/data/test/denoise/bsd68/106024.jpg,/home/minura/fyp-adair-distill/data/test/denoise/bsd68/106024.jpg,25
N007,Noise,BSD68,/home/minura/fyp-adair-distill/data/test/denoise/bsd68/108005.jpg,/home/minura/fyp-adair-distill/data/test/denoise/bsd68/108005.jpg,25
N008,Noise,BSD68,/home/minura/fyp-adair-distill/data/test/denoise/bsd68/108070.jpg,/home/minura/fyp-adair-distill/data/test/denoise/bsd68/108070.jpg,25
N009,Noise,BSD68,/home/minura/fyp-adair-distill/data/test/denoise/bsd68/108082.jpg,/home/minura/fyp-adair-distill/data/test/denoise/bsd68/108082.jpg,25
N010,Noise,BSD68,/home/minura/fyp-adair-distill/data/test/denoise/bsd68/109053.jpg,/home/minura/fyp-adair-distill/data/test/denoise/bsd68/109053.jpg,25
N011,Noise,BSD68,/home/minura/fyp-adair-distill/data/test/denoise/bsd68/119082.jpg,/home/minura/fyp-adair-distill/data/test/denoise/bsd68/119082.jpg,25
N012,Noise,BSD68,/home/minura/fyp-adair-distill/data/test/denoise/bsd68/12084.jpg,/home/minura/fyp-adair-distill/data/test/denoise/bsd68/12084.jpg,25
N013,Noise,BSD68,/home/minura/fyp-adair-distill/data/test/denoise/bsd68/123074.jpg,/home/minura/fyp-adair-distill/data/test/denoise/bsd68/123074.jpg,25
N014,Noise,BSD68,/home/minura/fyp-adair-distill/data/test/denoise/bsd68/126007.jpg,/home/minura/fyp-adair-distill/data/test/denoise/bsd68/126007.jpg,25
N015,Noise,BSD68,/home/minura/fyp-adair-distill/data/test/denoise/bsd68/130026.jpg,/home/minura/fyp-adair-distill/data/test/denoise/bsd68/130026.jpg,25
N016,Noise,BSD68,/home/minura/fyp-adair-distill/data/test/denoise/bsd68/134035.jpg,/home/minura/fyp-adair-distill/data/test/denoise/bsd68/134035.jpg,25
N017,Noise,BSD68,/home/minura/fyp-adair-distill/data/test/denoise/bsd68/14037.jpg,/home/minura/fyp-adair-distill/data/test/denoise/bsd68/14037.jpg,25
N018,Noise,BSD68,/home/minura/fyp-adair-distill/data/test/denoise/bsd68/143090.jpg,/home/minura/fyp-adair-distill/data/test/denoise/bsd68/143090.jpg,25
N019,Noise,BSD68,/home/minura/fyp-adair-distill/data/test/denoise/bsd68/145086.jpg,/home/minura/fyp-adair-distill/data/test/denoise/bsd68/145086.jpg,25
N020,Noise,BSD68,/home/minura/fyp-adair-distill/data/test/denoise/bsd68/147091.jpg,/home/minura/fyp-adair-distill/data/test/denoise/bsd68/147091.jpg,25
N021,Noise,BSD68,/home/minura/fyp-adair-distill/data/test/denoise/bsd68/148026.jpg,/home/minura/fyp-adair-distill/data/test/denoise/bsd68/148026.jpg,25
N022,Noise,BSD68,/home/minura/fyp-adair-distill/data/test/denoise/bsd68/148089.jpg,/home/minura/fyp-adair-distill/data/test/denoise/bsd68/148089.jpg,25
N023,Noise,BSD68,/home/minura/fyp-adair-distill/data/test/denoise/bsd68/157055.jpg,/home/minura/fyp-adair-distill/data/test/denoise/bsd68/157055.jpg,25
N024,Noise,BSD68,/home/minura/fyp-adair-distill/data/test/denoise/bsd68/159008.jpg,/home/minura/fyp-adair-distill/data/test/denoise/bsd68/159008.jpg,25
N025,Noise,BSD68,/home/minura/fyp-adair-distill/data/test/denoise/bsd68/160068.jpg,/home/minura/fyp-adair-distill/data/test/denoise/bsd68/160068.jpg,25
N026,Noise,BSD68,/home/minura/fyp-adair-distill/data/test/denoise/bsd68/16077.jpg,/home/minura/fyp-adair-distill/data/test/denoise/bsd68/16077.jpg,25
N027,Noise,BSD68,/home/minura/fyp-adair-distill/data/test/denoise/bsd68/163085.jpg,/home/minura/fyp-adair-distill/data/test/denoise/bsd68/163085.jpg,25
N028,Noise,BSD68,/home/minura/fyp-adair-distill/data/test/denoise/bsd68/167062.jpg,/home/minura/fyp-adair-distill/data/test/denoise/bsd68/167062.jpg,25
N029,Noise,BSD68,/home/minura/fyp-adair-distill/data/test/denoise/bsd68/167083.jpg,/home/minura/fyp-adair-distill/data/test/denoise/bsd68/167083.jpg,25
N030,Noise,BSD68,/home/minura/fyp-adair-distill/data/test/denoise/bsd68/170057.jpg,/home/minura/fyp-adair-distill/data/test/denoise/bsd68/170057.jpg,25
N031,Noise,BSD68,/home/minura/fyp-adair-distill/data/test/denoise/bsd68/175032.jpg,/home/minura/fyp-adair-distill/data/test/denoise/bsd68/175032.jpg,25
N032,Noise,BSD68,/home/minura/fyp-adair-distill/data/test/denoise/bsd68/175043.jpg,/home/minura/fyp-adair-distill/data/test/denoise/bsd68/175043.jpg,25
N033,Noise,BSD68,/home/minura/fyp-adair-distill/data/test/denoise/bsd68/182053.jpg,/home/minura/fyp-adair-distill/data/test/denoise/bsd68/182053.jpg,25
N034,Noise,BSD68,/home/minura/fyp-adair-distill/data/test/denoise/bsd68/189080.jpg,/home/minura/fyp-adair-distill/data/test/denoise/bsd68/189080.jpg,25
N035,Noise,BSD68,/home/minura/fyp-adair-distill/data/test/denoise/bsd68/19021.jpg,/home/minura/fyp-adair-distill/data/test/denoise/bsd68/19021.jpg,25
N036,Noise,BSD68,/home/minura/fyp-adair-distill/data/test/denoise/bsd68/196073.jpg,/home/minura/fyp-adair-distill/data/test/denoise/bsd68/196073.jpg,25
N037,Noise,BSD68,/home/minura/fyp-adair-distill/data/test/denoise/bsd68/197017.jpg,/home/minura/fyp-adair-distill/data/test/denoise/bsd68/197017.jpg,25
N038,Noise,BSD68,/home/minura/fyp-adair-distill/data/test/denoise/bsd68/208001.jpg,/home/minura/fyp-adair-distill/data/test/denoise/bsd68/208001.jpg,25
N039,Noise,BSD68,/home/minura/fyp-adair-distill/data/test/denoise/bsd68/210088.jpg,/home/minura/fyp-adair-distill/data/test/denoise/bsd68/210088.jpg,25
N040,Noise,BSD68,/home/minura/fyp-adair-distill/data/test/denoise/bsd68/21077.jpg,/home/minura/fyp-adair-distill/data/test/denoise/bsd68/21077.jpg,25
N041,Noise,BSD68,/home/minura/fyp-adair-distill/data/test/denoise/bsd68/216081.jpg,/home/minura/fyp-adair-distill/data/test/denoise/bsd68/216081.jpg,25
N042,Noise,BSD68,/home/minura/fyp-adair-distill/data/test/denoise/bsd68/219090.jpg,/home/minura/fyp-adair-distill/data/test/denoise/bsd68/219090.jpg,25
N043,Noise,BSD68,/home/minura/fyp-adair-distill/data/test/denoise/bsd68/220075.jpg,/home/minura/fyp-adair-distill/data/test/denoise/bsd68/220075.jpg,25
N044,Noise,BSD68,/home/minura/fyp-adair-distill/data/test/denoise/bsd68/223061.jpg,/home/minura/fyp-adair-distill/data/test/denoise/bsd68/223061.jpg,25
N045,Noise,BSD68,/home/minura/fyp-adair-distill/data/test/denoise/bsd68/227092.jpg,/home/minura/fyp-adair-distill/data/test/denoise/bsd68/227092.jpg,25
N046,Noise,BSD68,/home/minura/fyp-adair-distill/data/test/denoise/bsd68/229036.jpg,/home/minura/fyp-adair-distill/data/test/denoise/bsd68/229036.jpg,25
N047,Noise,BSD68,/home/minura/fyp-adair-distill/data/test/denoise/bsd68/236037.jpg,/home/minura/fyp-adair-distill/data/test/denoise/bsd68/236037.jpg,25
N048,Noise,BSD68,/home/minura/fyp-adair-distill/data/test/denoise/bsd68/24077.jpg,/home/minura/fyp-adair-distill/data/test/denoise/bsd68/24077.jpg,25
N049,Noise,BSD68,/home/minura/fyp-adair-distill/data/test/denoise/bsd68/241004.jpg,/home/minura/fyp-adair-distill/data/test/denoise/bsd68/241004.jpg,25
N050,Noise,BSD68,/home/minura/fyp-adair-distill/data/test/denoise/bsd68/241048.jpg,/home/minura/fyp-adair-distill/data/test/denoise/bsd68/241048.jpg,25
N051,Noise,BSD68,/home/minura/fyp-adair-distill/data/test/denoise/bsd68/253027.jpg,/home/minura/fyp-adair-distill/data/test/denoise/bsd68/253027.jpg,25
N052,Noise,BSD68,/home/minura/fyp-adair-distill/data/test/denoise/bsd68/253055.jpg,/home/minura/fyp-adair-distill/data/test/denoise/bsd68/253055.jpg,25
N053,Noise,BSD68,/home/minura/fyp-adair-distill/data/test/denoise/bsd68/260058.jpg,/home/minura/fyp-adair-distill/data/test/denoise/bsd68/260058.jpg,25
N054,Noise,BSD68,/home/minura/fyp-adair-distill/data/test/denoise/bsd68/271035.jpg,/home/minura/fyp-adair-distill/data/test/denoise/bsd68/271035.jpg,25
N055,Noise,BSD68,/home/minura/fyp-adair-distill/data/test/denoise/bsd68/285079.jpg,/home/minura/fyp-adair-distill/data/test/denoise/bsd68/285079.jpg,25
N056,Noise,BSD68,/home/minura/fyp-adair-distill/data/test/denoise/bsd68/291000.jpg,/home/minura/fyp-adair-distill/data/test/denoise/bsd68/291000.jpg,25
N057,Noise,BSD68,/home/minura/fyp-adair-distill/data/test/denoise/bsd68/295087.jpg,/home/minura/fyp-adair-distill/data/test/denoise/bsd68/295087.jpg,25
N058,Noise,BSD68,/home/minura/fyp-adair-distill/data/test/denoise/bsd68/296007.jpg,/home/minura/fyp-adair-distill/data/test/denoise/bsd68/296007.jpg,25
N059,Noise,BSD68,/home/minura/fyp-adair-distill/data/test/denoise/bsd68/296059.jpg,/home/minura/fyp-adair-distill/data/test/denoise/bsd68/296059.jpg,25
N060,Noise,BSD68,/home/minura/fyp-adair-distill/data/test/denoise/bsd68/299086.jpg,/home/minura/fyp-adair-distill/data/test/denoise/bsd68/299086.jpg,25
N061,Noise,BSD68,/home/minura/fyp-adair-distill/data/test/denoise/bsd68/300091.jpg,/home/minura/fyp-adair-distill/data/test/denoise/bsd68/300091.jpg,25
N062,Noise,BSD68,/home/minura/fyp-adair-distill/data/test/denoise/bsd68/302008.jpg,/home/minura/fyp-adair-distill/data/test/denoise/bsd68/302008.jpg,25
N063,Noise,BSD68,/home/minura/fyp-adair-distill/data/test/denoise/bsd68/304034.jpg,/home/minura/fyp-adair-distill/data/test/denoise/bsd68/304034.jpg,25
N064,Noise,BSD68,/home/minura/fyp-adair-distill/data/test/denoise/bsd68/304074.jpg,/home/minura/fyp-adair-distill/data/test/denoise/bsd68/304074.jpg,25
N065,Noise,BSD68,/home/minura/fyp-adair-distill/data/test/denoise/bsd68/306005.jpg,/home/minura/fyp-adair-distill/data/test/denoise/bsd68/306005.jpg,25
N066,Noise,BSD68,/home/minura/fyp-adair-distill/data/test/denoise/bsd68/3096.jpg,/home/minura/fyp-adair-distill/data/test/denoise/bsd68/3096.jpg,25
N067,Noise,BSD68,/home/minura/fyp-adair-distill/data/test/denoise/bsd68/33039.jpg,/home/minura/fyp-adair-distill/data/test/denoise/bsd68/33039.jpg,25
N068,Noise,BSD68,/home/minura/fyp-adair-distill/data/test/denoise/bsd68/351093.jpg,/home/minura/fyp-adair-distill/data/test/denoise/bsd68/351093.jpg,25
N069,Noise,BSD68,/home/minura/fyp-adair-distill/data/test/denoise/bsd68/101085.jpg,/home/minura/fyp-adair-distill/data/test/denoise/bsd68/101085.jpg,15
N070,Noise,BSD68,/home/minura/fyp-adair-distill/data/test/denoise/bsd68/101087.jpg,/home/minura/fyp-adair-distill/data/test/denoise/bsd68/101087.jpg,15
N071,Noise,BSD68,/home/minura/fyp-adair-distill/data/test/denoise/bsd68/102061.jpg,/home/minura/fyp-adair-distill/data/test/denoise/bsd68/102061.jpg,15
N072,Noise,BSD68,/home/minura/fyp-adair-distill/data/test/denoise/bsd68/103070.jpg,/home/minura/fyp-adair-distill/data/test/denoise/bsd68/103070.jpg,15
N073,Noise,BSD68,/home/minura/fyp-adair-distill/data/test/denoise/bsd68/105025.jpg,/home/minura/fyp-adair-distill/data/test/denoise/bsd68/105025.jpg,15
N074,Noise,BSD68,/home/minura/fyp-adair-distill/data/test/denoise/bsd68/106024.jpg,/home/minura/fyp-adair-distill/data/test/denoise/bsd68/106024.jpg,15
N075,Noise,BSD68,/home/minura/fyp-adair-distill/data/test/denoise/bsd68/108005.jpg,/home/minura/fyp-adair-distill/data/test/denoise/bsd68/108005.jpg,15
N076,Noise,BSD68,/home/minura/fyp-adair-distill/data/test/denoise/bsd68/108070.jpg,/home/minura/fyp-adair-distill/data/test/denoise/bsd68/108070.jpg,15
N077,Noise,BSD68,/home/minura/fyp-adair-distill/data/test/denoise/bsd68/108082.jpg,/home/minura/fyp-adair-distill/data/test/denoise/bsd68/108082.jpg,15
N078,Noise,BSD68,/home/minura/fyp-adair-distill/data/test/denoise/bsd68/109053.jpg,/home/minura/fyp-adair-distill/data/test/denoise/bsd68/109053.jpg,15
N079,Noise,BSD68,/home/minura/fyp-adair-distill/data/test/denoise/bsd68/119082.jpg,/home/minura/fyp-adair-distill/data/test/denoise/bsd68/119082.jpg,15
N080,Noise,BSD68,/home/minura/fyp-adair-distill/data/test/denoise/bsd68/12084.jpg,/home/minura/fyp-adair-distill/data/test/denoise/bsd68/12084.jpg,15
N081,Noise,BSD68,/home/minura/fyp-adair-distill/data/test/denoise/bsd68/123074.jpg,/home/minura/fyp-adair-distill/data/test/denoise/bsd68/123074.jpg,15
N082,Noise,BSD68,/home/minura/fyp-adair-distill/data/test/denoise/bsd68/126007.jpg,/home/minura/fyp-adair-distill/data/test/denoise/bsd68/126007.jpg,15
N083,Noise,BSD68,/home/minura/fyp-adair-distill/data/test/denoise/bsd68/130026.jpg,/home/minura/fyp-adair-distill/data/test/denoise/bsd68/130026.jpg,15
N084,Noise,BSD68,/home/minura/fyp-adair-distill/data/test/denoise/bsd68/134035.jpg,/home/minura/fyp-adair-distill/data/test/denoise/bsd68/134035.jpg,15
N085,Noise,BSD68,/home/minura/fyp-adair-distill/data/test/denoise/bsd68/14037.jpg,/home/minura/fyp-adair-distill/data/test/denoise/bsd68/14037.jpg,50
N086,Noise,BSD68,/home/minura/fyp-adair-distill/data/test/denoise/bsd68/143090.jpg,/home/minura/fyp-adair-distill/data/test/denoise/bsd68/143090.jpg,50
N087,Noise,BSD68,/home/minura/fyp-adair-distill/data/test/denoise/bsd68/145086.jpg,/home/minura/fyp-adair-distill/data/test/denoise/bsd68/145086.jpg,50
N088,Noise,BSD68,/home/minura/fyp-adair-distill/data/test/denoise/bsd68/147091.jpg,/home/minura/fyp-adair-distill/data/test/denoise/bsd68/147091.jpg,50
N089,Noise,BSD68,/home/minura/fyp-adair-distill/data/test/denoise/bsd68/148026.jpg,/home/minura/fyp-adair-distill/data/test/denoise/bsd68/148026.jpg,50
N090,Noise,BSD68,/home/minura/fyp-adair-distill/data/test/denoise/bsd68/148089.jpg,/home/minura/fyp-adair-distill/data/test/denoise/bsd68/148089.jpg,50
N091,Noise,BSD68,/home/minura/fyp-adair-distill/data/test/denoise/bsd68/157055.jpg,/home/minura/fyp-adair-distill/data/test/denoise/bsd68/157055.jpg,50
N092,Noise,BSD68,/home/minura/fyp-adair-distill/data/test/denoise/bsd68/159008.jpg,/home/minura/fyp-adair-distill/data/test/denoise/bsd68/159008.jpg,50
N093,Noise,BSD68,/home/minura/fyp-adair-distill/data/test/denoise/bsd68/160068.jpg,/home/minura/fyp-adair-distill/data/test/denoise/bsd68/160068.jpg,50
N094,Noise,BSD68,/home/minura/fyp-adair-distill/data/test/denoise/bsd68/16077.jpg,/home/minura/fyp-adair-distill/data/test/denoise/bsd68/16077.jpg,50
N095,Noise,BSD68,/home/minura/fyp-adair-distill/data/test/denoise/bsd68/163085.jpg,/home/minura/fyp-adair-distill/data/test/denoise/bsd68/163085.jpg,50
N096,Noise,BSD68,/home/minura/fyp-adair-distill/data/test/denoise/bsd68/167062.jpg,/home/minura/fyp-adair-distill/data/test/denoise/bsd68/167062.jpg,50
N097,Noise,BSD68,/home/minura/fyp-adair-distill/data/test/denoise/bsd68/167083.jpg,/home/minura/fyp-adair-distill/data/test/denoise/bsd68/167083.jpg,50
N098,Noise,BSD68,/home/minura/fyp-adair-distill/data/test/denoise/bsd68/170057.jpg,/home/minura/fyp-adair-distill/data/test/denoise/bsd68/170057.jpg,50
N099,Noise,BSD68,/home/minura/fyp-adair-distill/data/test/denoise/bsd68/175032.jpg,/home/minura/fyp-adair-distill/data/test/denoise/bsd68/175032.jpg,50
N100,Noise,BSD68,/home/minura/fyp-adair-distill/data/test/denoise/bsd68/175043.jpg,/home/minura/fyp-adair-distill/data/test/denoise/bsd68/175043.jpg,50
