Image_ID,Degradation,AFLB,fft_energy,low_energy,high_energy,low_pct,high_pct
R001,Rain,AFLB1,3.803925275802612,0,3.803925275802612,0,100
R001,Rain,AFLB2,4.840666770935059,0,4.840666770935059,0,100
R001,Rain,AFLB3,0.9530181288719177,0,0.9530181288719177,0,100
R002,Rain,AFLB1,9.148406028747559,0,9.148406028747559,0,100
R002,Rain,AFLB2,9.003974914550781,0,9.003974914550781,0,100
R002,Rain,AFLB3,1.479339718818665,0,1.479339718818665,0,100
R003,Rain,AFLB1,5.777890205383301,0,5.777890205383301,0,100
R003,Rain,AFLB2,8.07600212097168,0,8.07600212097168,0,100
R003,Rain,AFLB3,1.631982922554016,0,1.631982922554016,0,100
R004,Rain,AFLB1,5.771491050720215,0,5.771491050720215,0,100
R004,Rain,AFLB2,8.061405181884766,0,8.061405181884766,0,100
R004,Rain,AFLB3,1.629413366317749,0,1.629413366317749,0,100
R005,Rain,AFLB1,8.221841812133789,0,8.221841812133789,0,100
R005,Rain,AFLB2,9.891507148742676,0,9.891507148742676,0,100
R005,Rain,AFLB3,1.843838930130005,0,1.843838930130005,0,100
R006,Rain,AFLB1,10.70014667510986,0,10.70014667510986,0,100
R006,Rain,AFLB2,11.65957736968994,0,11.65957736968994,0,100
R006,Rain,AFLB3,2.058559417724609,0,2.058559417724609,0,100
R007,Rain,AFLB1,5.425180912017822,0,5.425180912017822,0,100
R007,Rain,AFLB2,6.657906055450439,0,6.657906055450439,0,100
R007,Rain,AFLB3,1.30103325843811,0,1.30103325843811,0,100
R008,Rain,AFLB1,6.009641170501709,0,6.009641170501709,0,100
R008,Rain,AFLB2,6.305258274078369,0,6.305258274078369,0,100
R008,Rain,AFLB3,1.122464179992676,0,1.122464179992676,0,100
R009,Rain,AFLB1,9.214421272277832,0,9.214421272277832,0,100
R009,Rain,AFLB2,7.858953952789307,0,7.858953952789307,0,100
R009,Rain,AFLB3,1.203897833824158,0,1.203897833824158,0,100
R010,Rain,AFLB1,6.736903190612793,0,6.736903190612793,0,100
R010,Rain,AFLB2,8.763193130493164,0,8.763193130493164,0,100
R010,Rain,AFLB3,1.725781440734863,0,1.725781440734863,0,100
R011,Rain,AFLB1,7.766268253326416,0,7.766268253326416,0,100
R011,Rain,AFLB2,6.370941638946533,0,6.370941638946533,0,100
R011,Rain,AFLB3,0.9534884691238403,0,0.9534884691238403,0,100
R012,Rain,AFLB1,2.628020763397217,0,2.628020763397217,0,100
R012,Rain,AFLB2,4.756949424743652,0,4.756949424743652,0,100
R012,Rain,AFLB3,1.05107307434082,0,1.05107307434082,0,100
R013,Rain,AFLB1,3.422805070877075,0,3.422805070877075,0,100
R013,Rain,AFLB2,4.89053201675415,0,4.89053201675415,0,100
R013,Rain,AFLB3,1.004716873168945,0,1.004716873168945,0,100
R014,Rain,AFLB1,7.8548583984375,0,7.8548583984375,0,100
R014,Rain,AFLB2,9.416410446166992,0,9.416410446166992,0,100
R014,Rain,AFLB3,1.747363686561584,0,1.747363686561584,0,100
R015,Rain,AFLB1,4.330048561096191,0,4.330048561096191,0,100
R015,Rain,AFLB2,6.245147705078125,0,6.245147705078125,0,100
R015,Rain,AFLB3,1.266278147697449,0,1.266278147697449,0,100
R016,Rain,AFLB1,8.890214920043945,0,8.890214920043945,0,100
R016,Rain,AFLB2,9.539641380310059,0,9.539641380310059,0,100
R016,Rain,AFLB3,1.694049000740051,0,1.694049000740051,0,100
R017,Rain,AFLB1,12.80984306335449,0,12.80984306335449,0,100
R017,Rain,AFLB2,11.17621231079102,0,11.17621231079102,0,100
R017,Rain,AFLB3,1.727705597877502,0,1.727705597877502,0,100
R018,Rain,AFLB1,11.76230049133301,0,11.76230049133301,0,100
R018,Rain,AFLB2,12.01881790161133,0,12.01881790161133,0,100
R018,Rain,AFLB3,2.053766250610352,0,2.053766250610352,0,100
R019,Rain,AFLB1,3.535693645477295,0,3.535693645477295,0,100
R019,Rain,AFLB2,4.442324161529541,0,4.442324161529541,0,100
R019,Rain,AFLB3,0.885597825050354,0,0.885597825050354,0,100
R020,Rain,AFLB1,3.536987066268921,0,3.536987066268921,0,100
R020,Rain,AFLB2,3.606489658355713,0,3.606489658355713,0,100
R020,Rain,AFLB3,0.6335738897323608,0,0.6335738897323608,0,100
R021,Rain,AFLB1,7.413127422332764,0,7.413127422332764,0,100
R021,Rain,AFLB2,8.074723243713379,0,8.074723243713379,0,100
R021,Rain,AFLB3,1.417271018028259,0,1.417271018028259,0,100
R022,Rain,AFLB1,7.44084358215332,0,7.44084358215332,0,100
R022,Rain,AFLB2,9.39919376373291,0,9.39919376373291,0,100
R022,Rain,AFLB3,1.784255385398865,0,1.784255385398865,0,100
R023,Rain,AFLB1,16.3554630279541,0,16.3554630279541,0,100
R023,Rain,AFLB2,14.56241035461426,0,14.56241035461426,0,100
R023,Rain,AFLB3,2.280991554260254,0,2.280991554260254,0,100
R024,Rain,AFLB1,5.956336975097656,0,5.956336975097656,0,100
R024,Rain,AFLB2,5.716886520385742,0,5.716886520385742,0,100
R024,Rain,AFLB3,1.036243677139282,0,1.036243677139282,0,100
R025,Rain,AFLB1,11.11505126953125,0,11.11505126953125,0,100
R025,Rain,AFLB2,12.14957809448242,0,12.14957809448242,0,100
R025,Rain,AFLB3,2.152912855148315,0,2.152912855148315,0,100
R026,Rain,AFLB1,5.474190235137939,0,5.474190235137939,0,100
R026,Rain,AFLB2,5.627614974975586,0,5.627614974975586,0,100
R026,Rain,AFLB3,1.028725981712341,0,1.028725981712341,0,100
R027,Rain,AFLB1,3.704736709594727,0,3.704736709594727,0,100
R027,Rain,AFLB2,6.631863117218018,0,6.631863117218018,0,100
R027,Rain,AFLB3,1.490750670433044,0,1.490750670433044,0,100
R028,Rain,AFLB1,6.566237449645996,0,6.566237449645996,0,100
R028,Rain,AFLB2,6.229979991912842,0,6.229979991912842,0,100
R028,Rain,AFLB3,1.063298225402832,0,1.063298225402832,0,100
R029,Rain,AFLB1,3.085085868835449,0,3.085085868835449,0,100
R029,Rain,AFLB2,2.489815711975098,0,2.489815711975098,0,100
R029,Rain,AFLB3,0.3817590475082397,0,0.3817590475082397,0,100
R030,Rain,AFLB1,4.418686389923096,0,4.418686389923096,0,100
R030,Rain,AFLB2,4.734049797058105,0,4.734049797058105,0,100
R030,Rain,AFLB3,0.8642774224281311,0,0.8642774224281311,0,100
R031,Rain,AFLB1,4.346231937408447,0,4.346231937408447,0,100
R031,Rain,AFLB2,6.352010726928711,0,6.352010726928711,0,100
R031,Rain,AFLB3,1.333488583564758,0,1.333488583564758,0,100
R032,Rain,AFLB1,2.945753812789917,0,2.945753812789917,0,100
R032,Rain,AFLB2,5.675473213195801,0,5.675473213195801,0,100
R032,Rain,AFLB3,1.281030416488647,0,1.281030416488647,0,100
R033,Rain,AFLB1,5.07011604309082,0,5.07011604309082,0,100
R033,Rain,AFLB2,6.175624847412109,0,6.175624847412109,0,100
R033,Rain,AFLB3,1.218644261360168,0,1.218644261360168,0,100
R034,Rain,AFLB1,6.136605262756348,0,6.136605262756348,0,100
R034,Rain,AFLB2,8.412306785583496,0,8.412306785583496,0,100
R034,Rain,AFLB3,1.673241496086121,0,1.673241496086121,0,100
R035,Rain,AFLB1,9.440534591674805,0,9.440534591674805,0,100
R035,Rain,AFLB2,10.09933376312256,0,10.09933376312256,0,100
R035,Rain,AFLB3,1.789387226104736,0,1.789387226104736,0,100
R036,Rain,AFLB1,4.811612606048584,0,4.811612606048584,0,100
R036,Rain,AFLB2,5.919836044311523,0,5.919836044311523,0,100
R036,Rain,AFLB3,1.144251227378845,0,1.144251227378845,0,100
R037,Rain,AFLB1,5.865232944488525,0,5.865232944488525,0,100
R037,Rain,AFLB2,7.554513454437256,0,7.554513454437256,0,100
R037,Rain,AFLB3,1.504004836082458,0,1.504004836082458,0,100
R038,Rain,AFLB1,5.181709289550781,0,5.181709289550781,0,100
R038,Rain,AFLB2,6.846888542175293,0,6.846888542175293,0,100
R038,Rain,AFLB3,1.315685153007507,0,1.315685153007507,0,100
R039,Rain,AFLB1,6.527689933776855,0,6.527689933776855,0,100
R039,Rain,AFLB2,6.014451026916504,0,6.014451026916504,0,100
R039,Rain,AFLB3,0.9974817037582397,0,0.9974817037582397,0,100
R040,Rain,AFLB1,4.815288543701172,0,4.815288543701172,0,100
R040,Rain,AFLB2,6.291443347930908,0,6.291443347930908,0,100
R040,Rain,AFLB3,1.234194040298462,0,1.234194040298462,0,100
R041,Rain,AFLB1,6.247612953186035,0,6.247612953186035,0,100
R041,Rain,AFLB2,6.242349624633789,0,6.242349624633789,0,100
R041,Rain,AFLB3,1.07459282875061,0,1.07459282875061,0,100
R042,Rain,AFLB1,4.160453796386719,0,4.160453796386719,0,100
R042,Rain,AFLB2,5.277741432189941,0,5.277741432189941,0,100
R042,Rain,AFLB3,1.05760383605957,0,1.05760383605957,0,100
R043,Rain,AFLB1,3.061806201934814,0,3.061806201934814,0,100
R043,Rain,AFLB2,7.45721960067749,0,7.45721960067749,0,100
R043,Rain,AFLB3,1.817706942558289,0,1.817706942558289,0,100
R044,Rain,AFLB1,6.763071060180664,0,6.763071060180664,0,100
R044,Rain,AFLB2,10.23817348480225,0,10.23817348480225,0,100
R044,Rain,AFLB3,2.131763219833374,0,2.131763219833374,0,100
R045,Rain,AFLB1,4.801564693450928,0,4.801564693450928,0,100
R045,Rain,AFLB2,8.438957214355469,0,8.438957214355469,0,100
R045,Rain,AFLB3,1.813992142677307,0,1.813992142677307,0,100
R046,Rain,AFLB1,3.914944171905518,0,3.914944171905518,0,100
R046,Rain,AFLB2,8.144475936889648,0,8.144475936889648,0,100
R046,Rain,AFLB3,1.899140238761902,0,1.899140238761902,0,100
R047,Rain,AFLB1,5.760879039764404,0,5.760879039764404,0,100
R047,Rain,AFLB2,6.052354335784912,0,6.052354335784912,0,100
R047,Rain,AFLB3,1.074265480041504,0,1.074265480041504,0,100
R048,Rain,AFLB1,6.21429967880249,0,6.21429967880249,0,100
R048,Rain,AFLB2,8.022010803222656,0,8.022010803222656,0,100
R048,Rain,AFLB3,1.536670088768005,0,1.536670088768005,0,100
R049,Rain,AFLB1,5.103750705718994,0,5.103750705718994,0,100
R049,Rain,AFLB2,8.679298400878906,0,8.679298400878906,0,100
R049,Rain,AFLB3,1.863729953765869,0,1.863729953765869,0,100
R050,Rain,AFLB1,4.224931716918945,0,4.224931716918945,0,100
R050,Rain,AFLB2,6.225162982940674,0,6.225162982940674,0,100
R050,Rain,AFLB3,1.271937608718872,0,1.271937608718872,0,100
R051,Rain,AFLB1,8.78948974609375,0,8.78948974609375,0,100
R051,Rain,AFLB2,9.106059074401855,0,9.106059074401855,0,100
R051,Rain,AFLB3,1.598982572555542,0,1.598982572555542,0,100
R052,Rain,AFLB1,6.618765830993652,0,6.618765830993652,0,100
R052,Rain,AFLB2,8.89493465423584,0,8.89493465423584,0,100
R052,Rain,AFLB3,1.721214175224304,0,1.721214175224304,0,100
R053,Rain,AFLB1,8.238533973693848,0,8.238533973693848,0,100
R053,Rain,AFLB2,10.77169513702393,0,10.77169513702393,0,100
R053,Rain,AFLB3,2.065667152404785,0,2.065667152404785,0,100
R054,Rain,AFLB1,6.412608623504639,0,6.412608623504639,0,100
R054,Rain,AFLB2,6.787832260131836,0,6.787832260131836,0,100
R054,Rain,AFLB3,1.234336495399475,0,1.234336495399475,0,100
R055,Rain,AFLB1,11.19280624389648,0,11.19280624389648,0,100
R055,Rain,AFLB2,11.83220958709717,0,11.83220958709717,0,100
R055,Rain,AFLB3,2.075429201126099,0,2.075429201126099,0,100
R056,Rain,AFLB1,3.251270294189453,0,3.251270294189453,0,100
R056,Rain,AFLB2,5.55147647857666,0,5.55147647857666,0,100
R056,Rain,AFLB3,1.232148766517639,0,1.232148766517639,0,100
R057,Rain,AFLB1,8.531506538391113,0,8.531506538391113,0,100
R057,Rain,AFLB2,7.917815685272217,0,7.917815685272217,0,100
R057,Rain,AFLB3,1.28485119342804,0,1.28485119342804,0,100
R058,Rain,AFLB1,9.508987426757812,0,9.508987426757812,0,100
R058,Rain,AFLB2,8.171721458435059,0,8.171721458435059,0,100
R058,Rain,AFLB3,1.260481834411621,0,1.260481834411621,0,100
R059,Rain,AFLB1,6.64678955078125,0,6.64678955078125,0,100
R059,Rain,AFLB2,7.048007011413574,0,7.048007011413574,0,100
R059,Rain,AFLB3,1.231780529022217,0,1.231780529022217,0,100
R060,Rain,AFLB1,0.7662023305892944,0,0.7662023305892944,0,100
R060,Rain,AFLB2,2.694191932678223,0,2.694191932678223,0,100
R060,Rain,AFLB3,0.6919183731079102,0,0.6919183731079102,0,100
R061,Rain,AFLB1,13.12303829193115,0,13.12303829193115,0,100
R061,Rain,AFLB2,15.24577140808105,0,15.24577140808105,0,100
R061,Rain,AFLB3,2.797680139541626,0,2.797680139541626,0,100
R062,Rain,AFLB1,6.217588424682617,0,6.217588424682617,0,100
R062,Rain,AFLB2,6.633492469787598,0,6.633492469787598,0,100
R062,Rain,AFLB3,1.17175030708313,0,1.17175030708313,0,100
R063,Rain,AFLB1,6.61231803894043,0,6.61231803894043,0,100
R063,Rain,AFLB2,9.016860008239746,0,9.016860008239746,0,100
R063,Rain,AFLB3,1.814950823783875,0,1.814950823783875,0,100
R064,Rain,AFLB1,6.147798538208008,0,6.147798538208008,0,100
R064,Rain,AFLB2,12.03572082519531,0,12.03572082519531,0,100
R064,Rain,AFLB3,2.684348344802856,0,2.684348344802856,0,100
R065,Rain,AFLB1,8.455307960510254,0,8.455307960510254,0,100
R065,Rain,AFLB2,10.43975448608398,0,10.43975448608398,0,100
R065,Rain,AFLB3,1.99093222618103,0,1.99093222618103,0,100
R066,Rain,AFLB1,5.244291305541992,0,5.244291305541992,0,100
R066,Rain,AFLB2,8.970516204833984,0,8.970516204833984,0,100
R066,Rain,AFLB3,1.957253098487854,0,1.957253098487854,0,100
R067,Rain,AFLB1,8.217107772827148,0,8.217107772827148,0,100
R067,Rain,AFLB2,12.26034641265869,0,12.26034641265869,0,100
R067,Rain,AFLB3,2.526187896728516,0,2.526187896728516,0,100
R068,Rain,AFLB1,13.7352237701416,0,13.7352237701416,0,100
R068,Rain,AFLB2,11.15094184875488,0,11.15094184875488,0,100
R068,Rain,AFLB3,1.669540882110596,0,1.669540882110596,0,100
R069,Rain,AFLB1,6.703652381896973,0,6.703652381896973,0,100
R069,Rain,AFLB2,8.765142440795898,0,8.765142440795898,0,100
R069,Rain,AFLB3,1.717945575714111,0,1.717945575714111,0,100
R070,Rain,AFLB1,12.99022102355957,0,12.99022102355957,0,100
R070,Rain,AFLB2,17.55094337463379,0,17.55094337463379,0,100
R070,Rain,AFLB3,3.423919439315796,0,3.423919439315796,0,100
R071,Rain,AFLB1,11.13708019256592,0,11.13708019256592,0,100
R071,Rain,AFLB2,12.07489109039307,0,12.07489109039307,0,100
R071,Rain,AFLB3,2.13481616973877,0,2.13481616973877,0,100
R072,Rain,AFLB1,6.672865867614746,0,6.672865867614746,0,100
R072,Rain,AFLB2,4.786783695220947,0,4.786783695220947,0,100
R072,Rain,AFLB3,0.6322184801101685,0,0.6322184801101685,0,100
R073,Rain,AFLB1,4.743171215057373,0,4.743171215057373,0,100
R073,Rain,AFLB2,6.859274387359619,0,6.859274387359619,0,100
R073,Rain,AFLB3,1.429603457450867,0,1.429603457450867,0,100
R074,Rain,AFLB1,3.893310546875,0,3.893310546875,0,100
R074,Rain,AFLB2,9.702435493469238,0,9.702435493469238,0,100
R074,Rain,AFLB3,2.354784965515137,0,2.354784965515137,0,100
R075,Rain,AFLB1,6.815949440002441,0,6.815949440002441,0,100
R075,Rain,AFLB2,9.15514850616455,0,9.15514850616455,0,100
R075,Rain,AFLB3,1.844653487205505,0,1.844653487205505,0,100
R076,Rain,AFLB1,12.28865909576416,0,12.28865909576416,0,100
R076,Rain,AFLB2,9.897211074829102,0,9.897211074829102,0,100
R076,Rain,AFLB3,1.474012017250061,0,1.474012017250061,0,100
R077,Rain,AFLB1,6.548734188079834,0,6.548734188079834,0,100
R077,Rain,AFLB2,6.64243221282959,0,6.64243221282959,0,100
R077,Rain,AFLB3,1.177859544754028,0,1.177859544754028,0,100
R078,Rain,AFLB1,9.308505058288574,0,9.308505058288574,0,100
R078,Rain,AFLB2,14.82250213623047,0,14.82250213623047,0,100
R078,Rain,AFLB3,3.07642388343811,0,3.07642388343811,0,100
R079,Rain,AFLB1,10.78989028930664,0,10.78989028930664,0,100
R079,Rain,AFLB2,15.31061363220215,0,15.31061363220215,0,100
R079,Rain,AFLB3,3.027755975723267,0,3.027755975723267,0,100
R080,Rain,AFLB1,7.399323463439941,0,7.399323463439941,0,100
R080,Rain,AFLB2,6.021973609924316,0,6.021973609924316,0,100
R080,Rain,AFLB3,0.8958317041397095,0,0.8958317041397095,0,100
R081,Rain,AFLB1,7.813231468200684,0,7.813231468200684,0,100
R081,Rain,AFLB2,9.044883728027344,0,9.044883728027344,0,100
R081,Rain,AFLB3,1.62616503238678,0,1.62616503238678,0,100
R082,Rain,AFLB1,10.22876739501953,0,10.22876739501953,0,100
R082,Rain,AFLB2,10.19261074066162,0,10.19261074066162,0,100
R082,Rain,AFLB3,1.70103120803833,0,1.70103120803833,0,100
R083,Rain,AFLB1,13.66183948516846,0,13.66183948516846,0,100
R083,Rain,AFLB2,13.56107521057129,0,13.56107521057129,0,100
R083,Rain,AFLB3,2.282123327255249,0,2.282123327255249,0,100
R084,Rain,AFLB1,5.095582962036133,0,5.095582962036133,0,100
R084,Rain,AFLB2,6.73008918762207,0,6.73008918762207,0,100
R084,Rain,AFLB3,1.347667336463928,0,1.347667336463928,0,100
R085,Rain,AFLB1,4.949865818023682,0,4.949865818023682,0,100
R085,Rain,AFLB2,6.884125709533691,0,6.884125709533691,0,100
R085,Rain,AFLB3,1.413351774215698,0,1.413351774215698,0,100
R086,Rain,AFLB1,5.601981163024902,0,5.601981163024902,0,100
R086,Rain,AFLB2,7.085766792297363,0,7.085766792297363,0,100
R086,Rain,AFLB3,1.369871139526367,0,1.369871139526367,0,100
R087,Rain,AFLB1,5.399900913238525,0,5.399900913238525,0,100
R087,Rain,AFLB2,6.1380615234375,0,6.1380615234375,0,100
R087,Rain,AFLB3,1.141465663909912,0,1.141465663909912,0,100
R088,Rain,AFLB1,17.72775077819824,0,17.72775077819824,0,100
R088,Rain,AFLB2,15.80365657806396,0,15.80365657806396,0,100
R088,Rain,AFLB3,2.435516595840454,0,2.435516595840454,0,100
R089,Rain,AFLB1,11.77423095703125,0,11.77423095703125,0,100
R089,Rain,AFLB2,12.23039054870605,0,12.23039054870605,0,100
R089,Rain,AFLB3,2.061429738998413,0,2.061429738998413,0,100
R090,Rain,AFLB1,11.62672519683838,0,11.62672519683838,0,100
R090,Rain,AFLB2,10.96719455718994,0,10.96719455718994,0,100
R090,Rain,AFLB3,1.768872857093811,0,1.768872857093811,0,100
R091,Rain,AFLB1,2.633945465087891,0,2.633945465087891,0,100
R091,Rain,AFLB2,4.753430366516113,0,4.753430366516113,0,100
R091,Rain,AFLB3,1.050796031951904,0,1.050796031951904,0,100
R092,Rain,AFLB1,4.263197422027588,0,4.263197422027588,0,100
R092,Rain,AFLB2,6.331075668334961,0,6.331075668334961,0,100
R092,Rain,AFLB3,1.313257217407227,0,1.313257217407227,0,100
R093,Rain,AFLB1,3.791052341461182,0,3.791052341461182,0,100
R093,Rain,AFLB2,5.035679340362549,0,5.035679340362549,0,100
R093,Rain,AFLB3,1.017489671707153,0,1.017489671707153,0,100
R094,Rain,AFLB1,5.27114200592041,0,5.27114200592041,0,100
R094,Rain,AFLB2,5.296041488647461,0,5.296041488647461,0,100
R094,Rain,AFLB3,0.9386200308799744,0,0.9386200308799744,0,100
R095,Rain,AFLB1,9.853028297424316,0,9.853028297424316,0,100
R095,Rain,AFLB2,9.435749053955078,0,9.435749053955078,0,100
R095,Rain,AFLB3,1.5971999168396,0,1.5971999168396,0,100
R096,Rain,AFLB1,3.078415870666504,0,3.078415870666504,0,100
R096,Rain,AFLB2,2.986422061920166,0,2.986422061920166,0,100
R096,Rain,AFLB3,0.5190433859825134,0,0.5190433859825134,0,100
R097,Rain,AFLB1,4.450728893280029,0,4.450728893280029,0,100
R097,Rain,AFLB2,4.866992950439453,0,4.866992950439453,0,100
R097,Rain,AFLB3,0.9052078127861023,0,0.9052078127861023,0,100
R098,Rain,AFLB1,7.820676803588867,0,7.820676803588867,0,100
R098,Rain,AFLB2,11.10362529754639,0,11.10362529754639,0,100
R098,Rain,AFLB3,2.268363952636719,0,2.268363952636719,0,100
R099,Rain,AFLB1,11.14025497436523,0,11.14025497436523,0,100
R099,Rain,AFLB2,10.91532611846924,0,10.91532611846924,0,100
R099,Rain,AFLB3,1.896450042724609,0,1.896450042724609,0,100
R100,Rain,AFLB1,7.454141616821289,0,7.454141616821289,0,100
R100,Rain,AFLB2,9.114075660705566,0,9.114075660705566,0,100
R100,Rain,AFLB3,1.682326555252075,0,1.682326555252075,0,100
H001,Haze,AFLB1,8.686530113220215,0,8.686530113220215,0,100
H001,Haze,AFLB2,12.54292488098145,0,12.54292488098145,0,100
H001,Haze,AFLB3,2.505168199539185,0,2.505168199539185,0,100
H002,Haze,AFLB1,5.639510154724121,0,5.639510154724121,0,100
H002,Haze,AFLB2,8.708456993103027,0,8.708456993103027,0,100
H002,Haze,AFLB3,1.780377507209778,0,1.780377507209778,0,100
H003,Haze,AFLB1,5.864416599273682,0,5.864416599273682,0,100
H003,Haze,AFLB2,10.79067420959473,0,10.79067420959473,0,100
H003,Haze,AFLB3,2.342872142791748,0,2.342872142791748,0,100
H004,Haze,AFLB1,11.66787624359131,0,11.66787624359131,0,100
H004,Haze,AFLB2,17.31087684631348,0,17.31087684631348,0,100
H004,Haze,AFLB3,3.503288269042969,0,3.503288269042969,0,100
H005,Haze,AFLB1,7.731260299682617,0,7.731260299682617,0,100
H005,Haze,AFLB2,11.48136329650879,0,11.48136329650879,0,100
H005,Haze,AFLB3,2.338404655456543,0,2.338404655456543,0,100
H006,Haze,AFLB1,8.063499450683594,0,8.063499450683594,0,100
H006,Haze,AFLB2,10.75008487701416,0,10.75008487701416,0,100
H006,Haze,AFLB3,2.064236640930176,0,2.064236640930176,0,100
H007,Haze,AFLB1,8.95185375213623,0,8.95185375213623,0,100
H007,Haze,AFLB2,10.80502414703369,0,10.80502414703369,0,100
H007,Haze,AFLB3,1.989641785621643,0,1.989641785621643,0,100
H008,Haze,AFLB1,8.714287757873535,0,8.714287757873535,0,100
H008,Haze,AFLB2,11.68667793273926,0,11.68667793273926,0,100
H008,Haze,AFLB3,2.252013921737671,0,2.252013921737671,0,100
H009,Haze,AFLB1,8.559120178222656,0,8.559120178222656,0,100
H009,Haze,AFLB2,10.79557991027832,0,10.79557991027832,0,100
H009,Haze,AFLB3,2.019707918167114,0,2.019707918167114,0,100
H010,Haze,AFLB1,8.040755271911621,0,8.040755271911621,0,100
H010,Haze,AFLB2,10.91357803344727,0,10.91357803344727,0,100
H010,Haze,AFLB3,2.112455606460571,0,2.112455606460571,0,100
H011,Haze,AFLB1,6.853226184844971,0,6.853226184844971,0,100
H011,Haze,AFLB2,10.38002395629883,0,10.38002395629883,0,100
H011,Haze,AFLB3,2.114910364151001,0,2.114910364151001,0,100
H012,Haze,AFLB1,8.174823760986328,0,8.174823760986328,0,100
H012,Haze,AFLB2,11.26643562316895,0,11.26643562316895,0,100
H012,Haze,AFLB3,2.198114395141602,0,2.198114395141602,0,100
H013,Haze,AFLB1,9.177970886230469,0,9.177970886230469,0,100
H013,Haze,AFLB2,13.73204803466797,0,13.73204803466797,0,100
H013,Haze,AFLB3,2.77387809753418,0,2.77387809753418,0,100
H014,Haze,AFLB1,7.598056793212891,0,7.598056793212891,0,100
H014,Haze,AFLB2,10.49337005615234,0,10.49337005615234,0,100
H014,Haze,AFLB3,2.040625333786011,0,2.040625333786011,0,100
H015,Haze,AFLB1,10.45667457580566,0,10.45667457580566,0,100
H015,Haze,AFLB2,13.61947441101074,0,13.61947441101074,0,100
H015,Haze,AFLB3,2.589203834533691,0,2.589203834533691,0,100
H016,Haze,AFLB1,9.802101135253906,0,9.802101135253906,0,100
H016,Haze,AFLB2,13.08305931091309,0,13.08305931091309,0,100
H016,Haze,AFLB3,2.510586023330688,0,2.510586023330688,0,100
H017,Haze,AFLB1,8.96083927154541,0,8.96083927154541,0,100
H017,Haze,AFLB2,9.850044250488281,0,9.850044250488281,0,100
H017,Haze,AFLB3,1.722556233406067,0,1.722556233406067,0,100
H018,Haze,AFLB1,5.919381618499756,0,5.919381618499756,0,100
H018,Haze,AFLB2,8.161186218261719,0,8.161186218261719,0,100
H018,Haze,AFLB3,1.588688373565674,0,1.588688373565674,0,100
H019,Haze,AFLB1,7.407715797424316,0,7.407715797424316,0,100
H019,Haze,AFLB2,10.55809879302979,0,10.55809879302979,0,100
H019,Haze,AFLB3,2.088956832885742,0,2.088956832885742,0,100
H020,Haze,AFLB1,7.330495834350586,0,7.330495834350586,0,100
H020,Haze,AFLB2,10.77239322662354,0,10.77239322662354,0,100
H020,Haze,AFLB3,2.165429353713989,0,2.165429353713989,0,100
H021,Haze,AFLB1,7.242501258850098,0,7.242501258850098,0,100
H021,Haze,AFLB2,10.9376392364502,0,10.9376392364502,0,100
H021,Haze,AFLB3,2.210661172866821,0,2.210661172866821,0,100
H022,Haze,AFLB1,7.611873626708984,0,7.611873626708984,0,100
H022,Haze,AFLB2,10.11148834228516,0,10.11148834228516,0,100
H022,Haze,AFLB3,1.962447643280029,0,1.962447643280029,0,100
H023,Haze,AFLB1,6.824606895446777,0,6.824606895446777,0,100
H023,Haze,AFLB2,9.81399154663086,0,9.81399154663086,0,100
H023,Haze,AFLB3,1.972310066223145,0,1.972310066223145,0,100
H024,Haze,AFLB1,6.756919860839844,0,6.756919860839844,0,100
H024,Haze,AFLB2,10.13766670227051,0,10.13766670227051,0,100
H024,Haze,AFLB3,2.050043106079102,0,2.050043106079102,0,100
H025,Haze,AFLB1,10.03366947174072,0,10.03366947174072,0,100
H025,Haze,AFLB2,13.88619709014893,0,13.88619709014893,0,100
H025,Haze,AFLB3,2.705021142959595,0,2.705021142959595,0,100
H026,Haze,AFLB1,8.506189346313477,0,8.506189346313477,0,100
H026,Haze,AFLB2,11.77805423736572,0,11.77805423736572,0,100
H026,Haze,AFLB3,2.322290897369385,0,2.322290897369385,0,100
H027,Haze,AFLB1,9.169243812561035,0,9.169243812561035,0,100
H027,Haze,AFLB2,11.96652507781982,0,11.96652507781982,0,100
H027,Haze,AFLB3,2.287973642349243,0,2.287973642349243,0,100
H028,Haze,AFLB1,9.002274513244629,0,9.002274513244629,0,100
H028,Haze,AFLB2,12.17012119293213,0,12.17012119293213,0,100
H028,Haze,AFLB3,2.357016324996948,0,2.357016324996948,0,100
H029,Haze,AFLB1,11.44784736633301,0,11.44784736633301,0,100
H029,Haze,AFLB2,16.03138160705566,0,16.03138160705566,0,100
H029,Haze,AFLB3,3.13585376739502,0,3.13585376739502,0,100
H030,Haze,AFLB1,7.474255084991455,0,7.474255084991455,0,100
H030,Haze,AFLB2,10.53214836120605,0,10.53214836120605,0,100
H030,Haze,AFLB3,2.066623449325562,0,2.066623449325562,0,100
H031,Haze,AFLB1,8.415685653686523,0,8.415685653686523,0,100
H031,Haze,AFLB2,11.88872528076172,0,11.88872528076172,0,100
H031,Haze,AFLB3,2.345795631408691,0,2.345795631408691,0,100
H032,Haze,AFLB1,9.02569580078125,0,9.02569580078125,0,100
H032,Haze,AFLB2,13.34667205810547,0,13.34667205810547,0,100
H032,Haze,AFLB3,2.677727699279785,0,2.677727699279785,0,100
H033,Haze,AFLB1,7.540247440338135,0,7.540247440338135,0,100
H033,Haze,AFLB2,10.58332443237305,0,10.58332443237305,0,100
H033,Haze,AFLB3,2.078474760055542,0,2.078474760055542,0,100
H034,Haze,AFLB1,7.28099536895752,0,7.28099536895752,0,100
H034,Haze,AFLB2,10.09230041503906,0,10.09230041503906,0,100
H034,Haze,AFLB3,1.974650859832764,0,1.974650859832764,0,100
H035,Haze,AFLB1,9.189544677734375,0,9.189544677734375,0,100
H035,Haze,AFLB2,12.76294708251953,0,12.76294708251953,0,100
H035,Haze,AFLB3,2.494849681854248,0,2.494849681854248,0,100
H036,Haze,AFLB1,7.404958248138428,0,7.404958248138428,0,100
H036,Haze,AFLB2,10.13771820068359,0,10.13771820068359,0,100
H036,Haze,AFLB3,1.97325873374939,0,1.97325873374939,0,100
H037,Haze,AFLB1,8.139972686767578,0,8.139972686767578,0,100
H037,Haze,AFLB2,10.95810127258301,0,10.95810127258301,0,100
H037,Haze,AFLB3,2.117957592010498,0,2.117957592010498,0,100
H038,Haze,AFLB1,6.464515209197998,0,6.464515209197998,0,100
H038,Haze,AFLB2,9.373501777648926,0,9.373501777648926,0,100
H038,Haze,AFLB3,1.861806631088257,0,1.861806631088257,0,100
H039,Haze,AFLB1,7.815796852111816,0,7.815796852111816,0,100
H039,Haze,AFLB2,10.99557304382324,0,10.99557304382324,0,100
H039,Haze,AFLB3,2.154593944549561,0,2.154593944549561,0,100
H040,Haze,AFLB1,8.619028091430664,0,8.619028091430664,0,100
H040,Haze,AFLB2,12.55895137786865,0,12.55895137786865,0,100
H040,Haze,AFLB3,2.514175415039062,0,2.514175415039062,0,100
H041,Haze,AFLB1,6.202872276306152,0,6.202872276306152,0,100
H041,Haze,AFLB2,8.379528045654297,0,8.379528045654297,0,100
H041,Haze,AFLB3,1.63093626499176,0,1.63093626499176,0,100
H042,Haze,AFLB1,8.579384803771973,0,8.579384803771973,0,100
H042,Haze,AFLB2,12.61819076538086,0,12.61819076538086,0,100
H042,Haze,AFLB3,2.541158676147461,0,2.541158676147461,0,100
H043,Haze,AFLB1,8.7106351852417,0,8.7106351852417,0,100
H043,Haze,AFLB2,12.82575035095215,0,12.82575035095215,0,100
H043,Haze,AFLB3,2.561611413955688,0,2.561611413955688,0,100
H044,Haze,AFLB1,8.506888389587402,0,8.506888389587402,0,100
H044,Haze,AFLB2,11.37580490112305,0,11.37580490112305,0,100
H044,Haze,AFLB3,2.191770076751709,0,2.191770076751709,0,100
H045,Haze,AFLB1,12.75456142425537,0,12.75456142425537,0,100
H045,Haze,AFLB2,17.0863094329834,0,17.0863094329834,0,100
H045,Haze,AFLB3,3.278234481811523,0,3.278234481811523,0,100
H046,Haze,AFLB1,9.21127700805664,0,9.21127700805664,0,100
H046,Haze,AFLB2,12.88908863067627,0,12.88908863067627,0,100
H046,Haze,AFLB3,2.519360065460205,0,2.519360065460205,0,100
H047,Haze,AFLB1,8.64758014678955,0,8.64758014678955,0,100
H047,Haze,AFLB2,11.79801464080811,0,11.79801464080811,0,100
H047,Haze,AFLB3,2.289186477661133,0,2.289186477661133,0,100
H048,Haze,AFLB1,6.978015422821045,0,6.978015422821045,0,100
H048,Haze,AFLB2,9.392553329467773,0,9.392553329467773,0,100
H048,Haze,AFLB3,1.820552229881287,0,1.820552229881287,0,100
H049,Haze,AFLB1,8.829973220825195,0,8.829973220825195,0,100
H049,Haze,AFLB2,13.08564186096191,0,13.08564186096191,0,100
H049,Haze,AFLB3,2.619837284088135,0,2.619837284088135,0,100
H050,Haze,AFLB1,8.935907363891602,0,8.935907363891602,0,100
H050,Haze,AFLB2,12.74433898925781,0,12.74433898925781,0,100
H050,Haze,AFLB3,2.542760848999023,0,2.542760848999023,0,100
H051,Haze,AFLB1,8.075618743896484,0,8.075618743896484,0,100
H051,Haze,AFLB2,11.47782802581787,0,11.47782802581787,0,100
H051,Haze,AFLB3,2.273691415786743,0,2.273691415786743,0,100
H052,Haze,AFLB1,7.542936325073242,0,7.542936325073242,0,100
H052,Haze,AFLB2,12.49489402770996,0,12.49489402770996,0,100
H052,Haze,AFLB3,2.636795282363892,0,2.636795282363892,0,100
H053,Haze,AFLB1,8.632890701293945,0,8.632890701293945,0,100
H053,Haze,AFLB2,11.38084316253662,0,11.38084316253662,0,100
H053,Haze,AFLB3,2.183552742004395,0,2.183552742004395,0,100
H054,Haze,AFLB1,8.686960220336914,0,8.686960220336914,0,100
H054,Haze,AFLB2,11.84444046020508,0,11.84444046020508,0,100
H054,Haze,AFLB3,2.302107334136963,0,2.302107334136963,0,100
H055,Haze,AFLB1,7.820608615875244,0,7.820608615875244,0,100
H055,Haze,AFLB2,10.81811714172363,0,10.81811714172363,0,100
H055,Haze,AFLB3,2.113579034805298,0,2.113579034805298,0,100
H056,Haze,AFLB1,4.418163299560547,0,4.418163299560547,0,100
H056,Haze,AFLB2,8.057321548461914,0,8.057321548461914,0,100
H056,Haze,AFLB3,1.757544994354248,0,1.757544994354248,0,100
H057,Haze,AFLB1,8.701155662536621,0,8.701155662536621,0,100
H057,Haze,AFLB2,12.05743408203125,0,12.05743408203125,0,100
H057,Haze,AFLB3,2.357202768325806,0,2.357202768325806,0,100
H058,Haze,AFLB1,5.9229416847229,0,5.9229416847229,0,100
H058,Haze,AFLB2,8.9260835647583,0,8.9260835647583,0,100
H058,Haze,AFLB3,1.797751188278198,0,1.797751188278198,0,100
H059,Haze,AFLB1,4.262840270996094,0,4.262840270996094,0,100
H059,Haze,AFLB2,8.246447563171387,0,8.246447563171387,0,100
H059,Haze,AFLB3,1.826445579528809,0,1.826445579528809,0,100
H060,Haze,AFLB1,7.633205413818359,0,7.633205413818359,0,100
H060,Haze,AFLB2,10.4932918548584,0,10.4932918548584,0,100
H060,Haze,AFLB3,2.039895534515381,0,2.039895534515381,0,100
H061,Haze,AFLB1,10.46395874023438,0,10.46395874023438,0,100
H061,Haze,AFLB2,15.26069927215576,0,15.26069927215576,0,100
H061,Haze,AFLB3,3.046046495437622,0,3.046046495437622,0,100
H062,Haze,AFLB1,7.721450805664062,0,7.721450805664062,0,100
H062,Haze,AFLB2,11.40416812896729,0,11.40416812896729,0,100
H062,Haze,AFLB3,2.289775848388672,0,2.289775848388672,0,100
H063,Haze,AFLB1,7.612326145172119,0,7.612326145172119,0,100
H063,Haze,AFLB2,10.42240905761719,0,10.42240905761719,0,100
H063,Haze,AFLB3,2.025569915771484,0,2.025569915771484,0,100
H064,Haze,AFLB1,8.079161643981934,0,8.079161643981934,0,100
H064,Haze,AFLB2,9.95694637298584,0,9.95694637298584,0,100
H064,Haze,AFLB3,1.870028495788574,0,1.870028495788574,0,100
H065,Haze,AFLB1,6.816730499267578,0,6.816730499267578,0,100
H065,Haze,AFLB2,9.917654991149902,0,9.917654991149902,0,100
H065,Haze,AFLB3,1.97858715057373,0,1.97858715057373,0,100
H066,Haze,AFLB1,6.647263526916504,0,6.647263526916504,0,100
H066,Haze,AFLB2,9.249655723571777,0,9.249655723571777,0,100
H066,Haze,AFLB3,1.812506437301636,0,1.812506437301636,0,100
H067,Haze,AFLB1,10.11112117767334,0,10.11112117767334,0,100
H067,Haze,AFLB2,13.65175342559814,0,13.65175342559814,0,100
H067,Haze,AFLB3,2.635092973709106,0,2.635092973709106,0,100
H068,Haze,AFLB1,8.040876388549805,0,8.040876388549805,0,100
H068,Haze,AFLB2,11.303391456604,0,11.303391456604,0,100
H068,Haze,AFLB3,2.223296642303467,0,2.223296642303467,0,100
H069,Haze,AFLB1,9.070921897888184,0,9.070921897888184,0,100
H069,Haze,AFLB2,13.04825210571289,0,13.04825210571289,0,100
H069,Haze,AFLB3,2.589369535446167,0,2.589369535446167,0,100
H070,Haze,AFLB1,7.877284526824951,0,7.877284526824951,0,100
H070,Haze,AFLB2,10.75137805938721,0,10.75137805938721,0,100
H070,Haze,AFLB3,2.093954563140869,0,2.093954563140869,0,100
H071,Haze,AFLB1,9.172937393188477,0,9.172937393188477,0,100
H071,Haze,AFLB2,12.7222318649292,0,12.7222318649292,0,100
H071,Haze,AFLB3,2.482182025909424,0,2.482182025909424,0,100
H072,Haze,AFLB1,9.527003288269043,0,9.527003288269043,0,100
H072,Haze,AFLB2,13.03418064117432,0,13.03418064117432,0,100
H072,Haze,AFLB3,2.532042026519775,0,2.532042026519775,0,100
H073,Haze,AFLB1,7.671771049499512,0,7.671771049499512,0,100
H073,Haze,AFLB2,10.51645565032959,0,10.51645565032959,0,100
H073,Haze,AFLB3,2.047244071960449,0,2.047244071960449,0,100
H074,Haze,AFLB1,6.598637104034424,0,6.598637104034424,0,100
H074,Haze,AFLB2,10.75950336456299,0,10.75950336456299,0,100
H074,Haze,AFLB3,2.24283766746521,0,2.24283766746521,0,100
H075,Haze,AFLB1,6.740654945373535,0,6.740654945373535,0,100
H075,Haze,AFLB2,9.04057788848877,0,9.04057788848877,0,100
H075,Haze,AFLB3,1.74317729473114,0,1.74317729473114,0,100
H076,Haze,AFLB1,10.05585861206055,0,10.05585861206055,0,100
H076,Haze,AFLB2,11.67814636230469,0,11.67814636230469,0,100
H076,Haze,AFLB3,2.126396894454956,0,2.126396894454956,0,100
H077,Haze,AFLB1,7.457822322845459,0,7.457822322845459,0,100
H077,Haze,AFLB2,11.66857719421387,0,11.66857719421387,0,100
H077,Haze,AFLB3,2.396192312240601,0,2.396192312240601,0,100
H078,Haze,AFLB1,9.915420532226562,0,9.915420532226562,0,100
H078,Haze,AFLB2,14.31011962890625,0,14.31011962890625,0,100
H078,Haze,AFLB3,2.838301181793213,0,2.838301181793213,0,100
H079,Haze,AFLB1,5.706295013427734,0,5.706295013427734,0,100
H079,Haze,AFLB2,9.191843032836914,0,9.191843032836914,0,100
H079,Haze,AFLB3,1.905745506286621,0,1.905745506286621,0,100
H080,Haze,AFLB1,8.230206489562988,0,8.230206489562988,0,100
H080,Haze,AFLB2,11.46542644500732,0,11.46542644500732,0,100
H080,Haze,AFLB3,2.242206335067749,0,2.242206335067749,0,100
H081,Haze,AFLB1,7.60833215713501,0,7.60833215713501,0,100
H081,Haze,AFLB2,10.83523654937744,0,10.83523654937744,0,100
H081,Haze,AFLB3,2.144252061843872,0,2.144252061843872,0,100
H082,Haze,AFLB1,8.317354202270508,0,8.317354202270508,0,100
H082,Haze,AFLB2,11.26498222351074,0,11.26498222351074,0,100
H082,Haze,AFLB3,2.18280816078186,0,2.18280816078186,0,100
H083,Haze,AFLB1,9.424055099487305,0,9.424055099487305,0,100
H083,Haze,AFLB2,13.39715099334717,0,13.39715099334717,0,100
H083,Haze,AFLB3,2.631157159805298,0,2.631157159805298,0,100
H084,Haze,AFLB1,10.79191398620605,0,10.79191398620605,0,100
H084,Haze,AFLB2,14.69212245941162,0,14.69212245941162,0,100
H084,Haze,AFLB3,2.843037128448486,0,2.843037128448486,0,100
H085,Haze,AFLB1,8.52674388885498,0,8.52674388885498,0,100
H085,Haze,AFLB2,11.70841979980469,0,11.70841979980469,0,100
H085,Haze,AFLB3,2.287010669708252,0,2.287010669708252,0,100
H086,Haze,AFLB1,9.490161895751953,0,9.490161895751953,0,100
H086,Haze,AFLB2,12.9692211151123,0,12.9692211151123,0,100
H086,Haze,AFLB3,2.518739938735962,0,2.518739938735962,0,100
H087,Haze,AFLB1,7.842081069946289,0,7.842081069946289,0,100
H087,Haze,AFLB2,10.26341342926025,0,10.26341342926025,0,100
H087,Haze,AFLB3,1.968039035797119,0,1.968039035797119,0,100
H088,Haze,AFLB1,8.134015083312988,0,8.134015083312988,0,100
H088,Haze,AFLB2,10.32404518127441,0,10.32404518127441,0,100
H088,Haze,AFLB3,1.947744131088257,0,1.947744131088257,0,100
H089,Haze,AFLB1,6.220847129821777,0,6.220847129821777,0,100
H089,Haze,AFLB2,8.973119735717773,0,8.973119735717773,0,100
H089,Haze,AFLB3,1.785972356796265,0,1.785972356796265,0,100
H090,Haze,AFLB1,7.845590591430664,0,7.845590591430664,0,100
H090,Haze,AFLB2,10.06357192993164,0,10.06357192993164,0,100
H090,Haze,AFLB3,1.896952867507935,0,1.896952867507935,0,100
H091,Haze,AFLB1,9.453168869018555,0,9.453168869018555,0,100
H091,Haze,AFLB2,13.29161548614502,0,13.29161548614502,0,100
H091,Haze,AFLB3,2.601308345794678,0,2.601308345794678,0,100
H092,Haze,AFLB1,2.277047872543335,0,2.277047872543335,0,100
H092,Haze,AFLB2,3.011021375656128,0,3.011021375656128,0,100
H092,Haze,AFLB3,0.5777140259742737,0,0.5777140259742737,0,100
H093,Haze,AFLB1,6.484471321105957,0,6.484471321105957,0,100
H093,Haze,AFLB2,8.629074096679688,0,8.629074096679688,0,100
H093,Haze,AFLB3,1.671869158744812,0,1.671869158744812,0,100
H094,Haze,AFLB1,10.98110389709473,0,10.98110389709473,0,100
H094,Haze,AFLB2,15.1447582244873,0,15.1447582244873,0,100
H094,Haze,AFLB3,2.941121578216553,0,2.941121578216553,0,100
H095,Haze,AFLB1,11.53247547149658,0,11.53247547149658,0,100
H095,Haze,AFLB2,16.00768661499023,0,16.00768661499023,0,100
H095,Haze,AFLB3,3.116123676300049,0,3.116123676300049,0,100
H096,Haze,AFLB1,9.197832107543945,0,9.197832107543945,0,100
H096,Haze,AFLB2,12.4274959564209,0,12.4274959564209,0,100
H096,Haze,AFLB3,2.403929948806763,0,2.403929948806763,0,100
H097,Haze,AFLB1,7.063231468200684,0,7.063231468200684,0,100
H097,Haze,AFLB2,9.639483451843262,0,9.639483451843262,0,100
H097,Haze,AFLB3,1.87304413318634,0,1.87304413318634,0,100
H098,Haze,AFLB1,7.706161022186279,0,7.706161022186279,0,100
H098,Haze,AFLB2,11.00021743774414,0,11.00021743774414,0,100
H098,Haze,AFLB3,2.172347068786621,0,2.172347068786621,0,100
H099,Haze,AFLB1,7.963438034057617,0,7.963438034057617,0,100
H099,Haze,AFLB2,12.32083797454834,0,12.32083797454834,0,100
H099,Haze,AFLB3,2.524835348129272,0,2.524835348129272,0,100
H100,Haze,AFLB1,6.04188060760498,0,6.04188060760498,0,100
H100,Haze,AFLB2,8.470714569091797,0,8.470714569091797,0,100
H100,Haze,AFLB3,1.661849617958069,0,1.661849617958069,0,100
N001,Noise,AFLB1,4.236016750335693,0,4.236016750335693,0,100
N001,Noise,AFLB2,5.12016773223877,0,5.12016773223877,0,100
N001,Noise,AFLB3,1.00281822681427,0,1.00281822681427,0,100
N002,Noise,AFLB1,9.806779861450195,0,9.806779861450195,0,100
N002,Noise,AFLB2,12.15891456604004,0,12.15891456604004,0,100
N002,Noise,AFLB3,2.291802644729614,0,2.291802644729614,0,100
N003,Noise,AFLB1,3.968709945678711,0,3.968709945678711,0,100
N003,Noise,AFLB2,6.508395195007324,0,6.508395195007324,0,100
N003,Noise,AFLB3,1.446641206741333,0,1.446641206741333,0,100
N004,Noise,AFLB1,2.34450888633728,0,2.34450888633728,0,100
N004,Noise,AFLB2,3.754857063293457,0,3.754857063293457,0,100
N004,Noise,AFLB3,0.8093578219413757,0,0.8093578219413757,0,100
N005,Noise,AFLB1,12.63299465179443,0,12.63299465179443,0,100
N005,Noise,AFLB2,15.70011425018311,0,15.70011425018311,0,100
N005,Noise,AFLB3,2.950171709060669,0,2.950171709060669,0,100
N006,Noise,AFLB1,8.029823303222656,0,8.029823303222656,0,100
N006,Noise,AFLB2,12.98366165161133,0,12.98366165161133,0,100
N006,Noise,AFLB3,2.731449127197266,0,2.731449127197266,0,100
N007,Noise,AFLB1,3.302381277084351,0,3.302381277084351,0,100
N007,Noise,AFLB2,3.523122787475586,0,3.523122787475586,0,100
N007,Noise,AFLB3,0.6502882242202759,0,0.6502882242202759,0,100
N008,Noise,AFLB1,2.720187664031982,0,2.720187664031982,0,100
N008,Noise,AFLB2,2.962293148040771,0,2.962293148040771,0,100
N008,Noise,AFLB3,0.5696310997009277,0,0.5696310997009277,0,100
N009,Noise,AFLB1,2.668183326721191,0,2.668183326721191,0,100
N009,Noise,AFLB2,2.951767444610596,0,2.951767444610596,0,100
N009,Noise,AFLB3,0.5471116304397583,0,0.5471116304397583,0,100
N010,Noise,AFLB1,4.109087944030762,0,4.109087944030762,0,100
N010,Noise,AFLB2,4.872166633605957,0,4.872166633605957,0,100
N010,Noise,AFLB3,0.9187591671943665,0,0.9187591671943665,0,100
N011,Noise,AFLB1,4.930850982666016,0,4.930850982666016,0,100
N011,Noise,AFLB2,6.818813323974609,0,6.818813323974609,0,100
N011,Noise,AFLB3,1.370473027229309,0,1.370473027229309,0,100
N012,Noise,AFLB1,6.443497657775879,0,6.443497657775879,0,100
N012,Noise,AFLB2,5.768824100494385,0,5.768824100494385,0,100
N012,Noise,AFLB3,0.9197659492492676,0,0.9197659492492676,0,100
N013,Noise,AFLB1,5.420098304748535,0,5.420098304748535,0,100
N013,Noise,AFLB2,7.144367694854736,0,7.144367694854736,0,100
N013,Noise,AFLB3,1.380719542503357,0,1.380719542503357,0,100
N014,Noise,AFLB1,2.49289345741272,0,2.49289345741272,0,100
N014,Noise,AFLB2,4.125162124633789,0,4.125162124633789,0,100
N014,Noise,AFLB3,0.9178224802017212,0,0.9178224802017212,0,100
N015,Noise,AFLB1,5.070284366607666,0,5.070284366607666,0,100
N015,Noise,AFLB2,5.362025737762451,0,5.362025737762451,0,100
N015,Noise,AFLB3,0.9549247026443481,0,0.9549247026443481,0,100
N016,Noise,AFLB1,4.525880813598633,0,4.525880813598633,0,100
N016,Noise,AFLB2,5.538186550140381,0,5.538186550140381,0,100
N016,Noise,AFLB3,1.111492276191711,0,1.111492276191711,0,100
N017,Noise,AFLB1,1.46945858001709,0,1.46945858001709,0,100
N017,Noise,AFLB2,3.068509578704834,0,3.068509578704834,0,100
N017,Noise,AFLB3,0.7341500520706177,0,0.7341500520706177,0,100
N018,Noise,AFLB1,1.727401375770569,0,1.727401375770569,0,100
N018,Noise,AFLB2,4.654267311096191,0,4.654267311096191,0,100
N018,Noise,AFLB3,1.124780774116516,0,1.124780774116516,0,100
N019,Noise,AFLB1,7.667144775390625,0,7.667144775390625,0,100
N019,Noise,AFLB2,7.847890377044678,0,7.847890377044678,0,100
N019,Noise,AFLB3,1.394000649452209,0,1.394000649452209,0,100
N020,Noise,AFLB1,2.20257830619812,0,2.20257830619812,0,100
N020,Noise,AFLB2,5.702427387237549,0,5.702427387237549,0,100
N020,Noise,AFLB3,1.526246070861816,0,1.526246070861816,0,100
N021,Noise,AFLB1,7.419844627380371,0,7.419844627380371,0,100
N021,Noise,AFLB2,7.821589469909668,0,7.821589469909668,0,100
N021,Noise,AFLB3,1.416862607002258,0,1.416862607002258,0,100
N022,Noise,AFLB1,8.040138244628906,0,8.040138244628906,0,100
N022,Noise,AFLB2,6.754619598388672,0,6.754619598388672,0,100
N022,Noise,AFLB3,1.027106761932373,0,1.027106761932373,0,100
N023,Noise,AFLB1,9.402923583984375,0,9.402923583984375,0,100
N023,Noise,AFLB2,11.52942085266113,0,11.52942085266113,0,100
N023,Noise,AFLB3,2.187493085861206,0,2.187493085861206,0,100
N024,Noise,AFLB1,6.413885116577148,0,6.413885116577148,0,100
N024,Noise,AFLB2,6.074685573577881,0,6.074685573577881,0,100
N024,Noise,AFLB3,1.002778768539429,0,1.002778768539429,0,100
N025,Noise,AFLB1,5.82600212097168,0,5.82600212097168,0,100
N025,Noise,AFLB2,5.123292922973633,0,5.123292922973633,0,100
N025,Noise,AFLB3,0.8086804747581482,0,0.8086804747581482,0,100
N026,Noise,AFLB1,6.062423706054688,0,6.062423706054688,0,100
N026,Noise,AFLB2,6.549666881561279,0,6.549666881561279,0,100
N026,Noise,AFLB3,1.181721687316895,0,1.181721687316895,0,100
N027,Noise,AFLB1,4.525798320770264,0,4.525798320770264,0,100
N027,Noise,AFLB2,3.989955902099609,0,3.989955902099609,0,100
N027,Noise,AFLB3,0.6425409317016602,0,0.6425409317016602,0,100
N028,Noise,AFLB1,6.781657218933105,0,6.781657218933105,0,100
N028,Noise,AFLB2,9.570578575134277,0,9.570578575134277,0,100
N028,Noise,AFLB3,1.887340307235718,0,1.887340307235718,0,100
N029,Noise,AFLB1,3.772667169570923,0,3.772667169570923,0,100
N029,Noise,AFLB2,6.16169261932373,0,6.16169261932373,0,100
N029,Noise,AFLB3,1.369918584823608,0,1.369918584823608,0,100
N030,Noise,AFLB1,8.362102508544922,0,8.362102508544922,0,100
N030,Noise,AFLB2,7.391227722167969,0,7.391227722167969,0,100
N030,Noise,AFLB3,1.172471404075623,0,1.172471404075623,0,100
N031,Noise,AFLB1,6.177496910095215,0,6.177496910095215,0,100
N031,Noise,AFLB2,5.57302188873291,0,5.57302188873291,0,100
N031,Noise,AFLB3,0.9119600057601929,0,0.9119600057601929,0,100
N032,Noise,AFLB1,5.745264530181885,0,5.745264530181885,0,100
N032,Noise,AFLB2,5.893783569335938,0,5.893783569335938,0,100
N032,Noise,AFLB3,1.03994607925415,0,1.03994607925415,0,100
N033,Noise,AFLB1,5.60266637802124,0,5.60266637802124,0,100
N033,Noise,AFLB2,7.814825534820557,0,7.814825534820557,0,100
N033,Noise,AFLB3,1.589401483535767,0,1.589401483535767,0,100
N034,Noise,AFLB1,10.8073558807373,0,10.8073558807373,0,100
N034,Noise,AFLB2,10.84717178344727,0,10.84717178344727,0,100
N034,Noise,AFLB3,1.836336135864258,0,1.836336135864258,0,100
N035,Noise,AFLB1,3.063576698303223,0,3.063576698303223,0,100
N035,Noise,AFLB2,3.854231357574463,0,3.854231357574463,0,100
N035,Noise,AFLB3,0.7657874226570129,0,0.7657874226570129,0,100
N036,Noise,AFLB1,7.191101551055908,0,7.191101551055908,0,100
N036,Noise,AFLB2,7.820775985717773,0,7.820775985717773,0,100
N036,Noise,AFLB3,1.376967430114746,0,1.376967430114746,0,100
N037,Noise,AFLB1,6.951735973358154,0,6.951735973358154,0,100
N037,Noise,AFLB2,8.793495178222656,0,8.793495178222656,0,100
N037,Noise,AFLB3,1.667536616325378,0,1.667536616325378,0,100
N038,Noise,AFLB1,4.05315637588501,0,4.05315637588501,0,100
N038,Noise,AFLB2,4.243917465209961,0,4.243917465209961,0,100
N038,Noise,AFLB3,0.7778767347335815,0,0.7778767347335815,0,100
N039,Noise,AFLB1,4.309825420379639,0,4.309825420379639,0,100
N039,Noise,AFLB2,5.233123302459717,0,5.233123302459717,0,100
N039,Noise,AFLB3,1.035272121429443,0,1.035272121429443,0,100
N040,Noise,AFLB1,5.519911289215088,0,5.519911289215088,0,100
N040,Noise,AFLB2,7.499682426452637,0,7.499682426452637,0,100
N040,Noise,AFLB3,1.494696497917175,0,1.494696497917175,0,100
N041,Noise,AFLB1,5.991804122924805,0,5.991804122924805,0,100
N041,Noise,AFLB2,5.541901588439941,0,5.541901588439941,0,100
N041,Noise,AFLB3,0.9209467768669128,0,0.9209467768669128,0,100
N042,Noise,AFLB1,4.458954811096191,0,4.458954811096191,0,100
N042,Noise,AFLB2,5.766768932342529,0,5.766768932342529,0,100
N042,Noise,AFLB3,1.136385083198547,0,1.136385083198547,0,100
N043,Noise,AFLB1,5.390296936035156,0,5.390296936035156,0,100
N043,Noise,AFLB2,5.304925918579102,0,5.304925918579102,0,100
N043,Noise,AFLB3,0.8945338129997253,0,0.8945338129997253,0,100
N044,Noise,AFLB1,4.73194408416748,0,4.73194408416748,0,100
N044,Noise,AFLB2,8.269842147827148,0,8.269842147827148,0,100
N044,Noise,AFLB3,1.77979588508606,0,1.77979588508606,0,100
N045,Noise,AFLB1,3.847816705703735,0,3.847816705703735,0,100
N045,Noise,AFLB2,5.654795169830322,0,5.654795169830322,0,100
N045,Noise,AFLB3,1.159973621368408,0,1.159973621368408,0,100
N046,Noise,AFLB1,8.029289245605469,0,8.029289245605469,0,100
N046,Noise,AFLB2,8.261049270629883,0,8.261049270629883,0,100
N046,Noise,AFLB3,1.453802943229675,0,1.453802943229675,0,100
N047,Noise,AFLB1,6.108696937561035,0,6.108696937561035,0,100
N047,Noise,AFLB2,6.426234245300293,0,6.426234245300293,0,100
N047,Noise,AFLB3,1.122480154037476,0,1.122480154037476,0,100
N048,Noise,AFLB1,7.585019588470459,0,7.585019588470459,0,100
N048,Noise,AFLB2,9.324968338012695,0,9.324968338012695,0,100
N048,Noise,AFLB3,1.772587537765503,0,1.772587537765503,0,100
N049,Noise,AFLB1,4.936546325683594,0,4.936546325683594,0,100
N049,Noise,AFLB2,8.423858642578125,0,8.423858642578125,0,100
N049,Noise,AFLB3,1.845038294792175,0,1.845038294792175,0,100
N050,Noise,AFLB1,7.602678298950195,0,7.602678298950195,0,100
N050,Noise,AFLB2,11.39386749267578,0,11.39386749267578,0,100
N050,Noise,AFLB3,2.352107048034668,0,2.352107048034668,0,100
N051,Noise,AFLB1,6.178186893463135,0,6.178186893463135,0,100
N051,Noise,AFLB2,6.201786518096924,0,6.201786518096924,0,100
N051,Noise,AFLB3,1.105126142501831,0,1.105126142501831,0,100
N052,Noise,AFLB1,10.12766933441162,0,10.12766933441162,0,100
N052,Noise,AFLB2,14.23560428619385,0,14.23560428619385,0,100
N052,Noise,AFLB3,2.819283723831177,0,2.819283723831177,0,100
N053,Noise,AFLB1,12.97038555145264,0,12.97038555145264,0,100
N053,Noise,AFLB2,12.65263080596924,0,12.65263080596924,0,100
N053,Noise,AFLB3,2.122637271881104,0,2.122637271881104,0,100
N054,Noise,AFLB1,11.21052360534668,0,11.21052360534668,0,100
N054,Noise,AFLB2,10.56108474731445,0,10.56108474731445,0,100
N054,Noise,AFLB3,1.710098147392273,0,1.710098147392273,0,100
N055,Noise,AFLB1,4.09754753112793,0,4.09754753112793,0,100
N055,Noise,AFLB2,4.370469093322754,0,4.370469093322754,0,100
N055,Noise,AFLB3,0.8130817413330078,0,0.8130817413330078,0,100
N056,Noise,AFLB1,10.42649841308594,0,10.42649841308594,0,100
N056,Noise,AFLB2,10.16861248016357,0,10.16861248016357,0,100
N056,Noise,AFLB3,1.759885191917419,0,1.759885191917419,0,100
N057,Noise,AFLB1,4.689788818359375,0,4.689788818359375,0,100
N057,Noise,AFLB2,4.718101024627686,0,4.718101024627686,0,100
N057,Noise,AFLB3,0.8495891094207764,0,0.8495891094207764,0,100
N058,Noise,AFLB1,5.685318946838379,0,5.685318946838379,0,100
N058,Noise,AFLB2,7.712899684906006,0,7.712899684906006,0,100
N058,Noise,AFLB3,1.538786172866821,0,1.538786172866821,0,100
N059,Noise,AFLB1,4.18740701675415,0,4.18740701675415,0,100
N059,Noise,AFLB2,5.125964164733887,0,5.125964164733887,0,100
N059,Noise,AFLB3,0.9762384295463562,0,0.9762384295463562,0,100
N060,Noise,AFLB1,5.506821632385254,0,5.506821632385254,0,100
N060,Noise,AFLB2,5.402915000915527,0,5.402915000915527,0,100
N060,Noise,AFLB3,0.9204888343811035,0,0.9204888343811035,0,100
N061,Noise,AFLB1,1.882667779922485,0,1.882667779922485,0,100
N061,Noise,AFLB2,3.701953172683716,0,3.701953172683716,0,100
N061,Noise,AFLB3,0.8742185831069946,0,0.8742185831069946,0,100
N062,Noise,AFLB1,3.626068830490112,0,3.626068830490112,0,100
N062,Noise,AFLB2,3.674046754837036,0,3.674046754837036,0,100
N062,Noise,AFLB3,0.6609975099563599,0,0.6609975099563599,0,100
N063,Noise,AFLB1,5.198477268218994,0,5.198477268218994,0,100
N063,Noise,AFLB2,5.140638828277588,0,5.140638828277588,0,100
N063,Noise,AFLB3,0.89263916015625,0,0.89263916015625,0,100
N064,Noise,AFLB1,6.246326923370361,0,6.246326923370361,0,100
N064,Noise,AFLB2,6.682116508483887,0,6.682116508483887,0,100
N064,Noise,AFLB3,1.175007820129395,0,1.175007820129395,0,100
N065,Noise,AFLB1,2.619168758392334,0,2.619168758392334,0,100
N065,Noise,AFLB2,3.740524768829346,0,3.740524768829346,0,100
N065,Noise,AFLB3,0.7874634265899658,0,0.7874634265899658,0,100
N066,Noise,AFLB1,3.963001012802124,0,3.963001012802124,0,100
N066,Noise,AFLB2,6.254767894744873,0,6.254767894744873,0,100
N066,Noise,AFLB3,1.297212958335876,0,1.297212958335876,0,100
N067,Noise,AFLB1,6.762625694274902,0,6.762625694274902,0,100
N067,Noise,AFLB2,7.244565963745117,0,7.244565963745117,0,100
N067,Noise,AFLB3,1.325768947601318,0,1.325768947601318,0,100
N068,Noise,AFLB1,6.713917255401611,0,6.713917255401611,0,100
N068,Noise,AFLB2,10.00606822967529,0,10.00606822967529,0,100
N068,Noise,AFLB3,2.052239894866943,0,2.052239894866943,0,100
N069,Noise,AFLB1,4.204119682312012,0,4.204119682312012,0,100
N069,Noise,AFLB2,5.112565040588379,0,5.112565040588379,0,100
N069,Noise,AFLB3,0.99739670753479,0,0.99739670753479,0,100
N070,Noise,AFLB1,10.00202941894531,0,10.00202941894531,0,100
N070,Noise,AFLB2,12.36772346496582,0,12.36772346496582,0,100
N070,Noise,AFLB3,2.332226276397705,0,2.332226276397705,0,100
N071,Noise,AFLB1,3.979923248291016,0,3.979923248291016,0,100
N071,Noise,AFLB2,6.55052661895752,0,6.55052661895752,0,100
N071,Noise,AFLB3,1.454872369766235,0,1.454872369766235,0,100
N072,Noise,AFLB1,2.306415796279907,0,2.306415796279907,0,100
N072,Noise,AFLB2,3.730806350708008,0,3.730806350708008,0,100
N072,Noise,AFLB3,0.7991792559623718,0,0.7991792559623718,0,100
N073,Noise,AFLB1,12.71559715270996,0,12.71559715270996,0,100
N073,Noise,AFLB2,15.93002605438232,0,15.93002605438232,0,100
N073,Noise,AFLB3,2.988286018371582,0,2.988286018371582,0,100
N074,Noise,AFLB1,8.008456230163574,0,8.008456230163574,0,100
N074,Noise,AFLB2,13.144455909729,0,13.144455909729,0,100
N074,Noise,AFLB3,2.761772155761719,0,2.761772155761719,0,100
N075,Noise,AFLB1,3.280967950820923,0,3.280967950820923,0,100
N075,Noise,AFLB2,3.495902299880981,0,3.495902299880981,0,100
N075,Noise,AFLB3,0.6415684223175049,0,0.6415684223175049,0,100
N076,Noise,AFLB1,2.690362691879272,0,2.690362691879272,0,100
N076,Noise,AFLB2,2.950239658355713,0,2.950239658355713,0,100
N076,Noise,AFLB3,0.5605757832527161,0,0.5605757832527161,0,100
N077,Noise,AFLB1,2.63828706741333,0,2.63828706741333,0,100
N077,Noise,AFLB2,2.931507110595703,0,2.931507110595703,0,100
N077,Noise,AFLB3,0.5369862914085388,0,0.5369862914085388,0,100
N078,Noise,AFLB1,4.052118301391602,0,4.052118301391602,0,100
N078,Noise,AFLB2,4.857046604156494,0,4.857046604156494,0,100
N078,Noise,AFLB3,0.9094468355178833,0,0.9094468355178833,0,100
N079,Noise,AFLB1,4.887317657470703,0,4.887317657470703,0,100
N079,Noise,AFLB2,6.793534278869629,0,6.793534278869629,0,100
N079,Noise,AFLB3,1.363163709640503,0,1.363163709640503,0,100
N080,Noise,AFLB1,6.454586982727051,0,6.454586982727051,0,100
N080,Noise,AFLB2,5.749537467956543,0,5.749537467956543,0,100
N080,Noise,AFLB3,0.9091686606407166,0,0.9091686606407166,0,100
N081,Noise,AFLB1,5.351386547088623,0,5.351386547088623,0,100
N081,Noise,AFLB2,7.129077911376953,0,7.129077911376953,0,100
N081,Noise,AFLB3,1.370869159698486,0,1.370869159698486,0,100
N082,Noise,AFLB1,2.436602354049683,0,2.436602354049683,0,100
N082,Noise,AFLB2,4.115188598632812,0,4.115188598632812,0,100
N082,Noise,AFLB3,0.9108811616897583,0,0.9108811616897583,0,100
N083,Noise,AFLB1,5.057693481445312,0,5.057693481445312,0,100
N083,Noise,AFLB2,5.352670192718506,0,5.352670192718506,0,100
N083,Noise,AFLB3,0.9494692087173462,0,0.9494692087173462,0,100
N084,Noise,AFLB1,4.513096809387207,0,4.513096809387207,0,100
N084,Noise,AFLB2,5.525299072265625,0,5.525299072265625,0,100
N084,Noise,AFLB3,1.10378098487854,0,1.10378098487854,0,100
N085,Noise,AFLB1,1.646309971809387,0,1.646309971809387,0,100
N085,Noise,AFLB2,3.262523174285889,0,3.262523174285889,0,100
N085,Noise,AFLB3,0.7846587300300598,0,0.7846587300300598,0,100
N086,Noise,AFLB1,1.939220190048218,0,1.939220190048218,0,100
N086,Noise,AFLB2,4.761416435241699,0,4.761416435241699,0,100
N086,Noise,AFLB3,1.162117719650269,0,1.162117719650269,0,100
N087,Noise,AFLB1,7.532000541687012,0,7.532000541687012,0,100
N087,Noise,AFLB2,7.800875186920166,0,7.800875186920166,0,100
N087,Noise,AFLB3,1.411097764968872,0,1.411097764968872,0,100
N088,Noise,AFLB1,2.323007106781006,0,2.323007106781006,0,100
N088,Noise,AFLB2,5.761487007141113,0,5.761487007141113,0,100
N088,Noise,AFLB3,1.525415658950806,0,1.525415658950806,0,100
N089,Noise,AFLB1,7.182224750518799,0,7.182224750518799,0,100
N089,Noise,AFLB2,7.634836196899414,0,7.634836196899414,0,100
N089,Noise,AFLB3,1.410017967224121,0,1.410017967224121,0,100
N090,Noise,AFLB1,7.828183650970459,0,7.828183650970459,0,100
N090,Noise,AFLB2,6.683710098266602,0,6.683710098266602,0,100
N090,Noise,AFLB3,1.052716135978699,0,1.052716135978699,0,100
N091,Noise,AFLB1,9.209787368774414,0,9.209787368774414,0,100
N091,Noise,AFLB2,11.31063270568848,0,11.31063270568848,0,100
N091,Noise,AFLB3,2.16689920425415,0,2.16689920425415,0,100
N092,Noise,AFLB1,6.288544178009033,0,6.288544178009033,0,100
N092,Noise,AFLB2,6.026514530181885,0,6.026514530181885,0,100
N092,Noise,AFLB3,1.024707436561584,0,1.024707436561584,0,100
N093,Noise,AFLB1,5.777029037475586,0,5.777029037475586,0,100
N093,Noise,AFLB2,5.198832988739014,0,5.198832988739014,0,100
N093,Noise,AFLB3,0.8510765433311462,0,0.8510765433311462,0,100
N094,Noise,AFLB1,6.070651054382324,0,6.070651054382324,0,100
N094,Noise,AFLB2,6.535088539123535,0,6.535088539123535,0,100
N094,Noise,AFLB3,1.206543922424316,0,1.206543922424316,0,100
N095,Noise,AFLB1,4.620548248291016,0,4.620548248291016,0,100
N095,Noise,AFLB2,4.120245933532715,0,4.120245933532715,0,100
N095,Noise,AFLB3,0.6946611404418945,0,0.6946611404418945,0,100
N096,Noise,AFLB1,6.385795593261719,0,6.385795593261719,0,100
N096,Noise,AFLB2,8.967491149902344,0,8.967491149902344,0,100
N096,Noise,AFLB3,1.783734917640686,0,1.783734917640686,0,100
N097,Noise,AFLB1,3.869324207305908,0,3.869324207305908,0,100
N097,Noise,AFLB2,6.203848838806152,0,6.203848838806152,0,100
N097,Noise,AFLB3,1.388413548469543,0,1.388413548469543,0,100
N098,Noise,AFLB1,8.268914222717285,0,8.268914222717285,0,100
N098,Noise,AFLB2,7.454160690307617,0,7.454160690307617,0,100
N098,Noise,AFLB3,1.216460466384888,0,1.216460466384888,0,100
N099,Noise,AFLB1,6.157108783721924,0,6.157108783721924,0,100
N099,Noise,AFLB2,5.698511123657227,0,5.698511123657227,0,100
N099,Noise,AFLB3,0.9636839032173157,0,0.9636839032173157,0,100
N100,Noise,AFLB1,5.817043304443359,0,5.817043304443359,0,100
N100,Noise,AFLB2,6.001684188842773,0,6.001684188842773,0,100
N100,Noise,AFLB3,1.085726618766785,0,1.085726618766785,0,100
