Image_ID,Degradation,Dataset,Filename,Noise_Sigma,PSNR,SSIM,H,W
R001,Rain,Rain100L,rain-001.png,,37.81292352927054,0.981728490276281,320,480
R002,Rain,Rain100L,rain-002.png,,38.52786450352916,0.9689233955654154,320,480
R003,Rain,Rain100L,rain-003.png,,40.52471712230832,0.9956072946578022,320,480
R004,Rain,Rain100L,rain-004.png,,40.71398663080955,0.9955879777411404,320,480
R005,Rain,Rain100L,rain-005.png,,39.66676394238299,0.9791742175386567,320,480
R006,Rain,Rain100L,rain-006.png,,35.80089376270861,0.9770882914142326,320,480
R007,Rain,Rain100L,rain-007.png,,35.5107952546874,0.9697997624882474,320,480
R008,Rain,Rain100L,rain-008.png,,37.74113094817139,0.9762457052671687,480,320
R009,Rain,Rain100L,rain-009.png,,37.83595124361563,0.9851861956505673,320,480
R010,Rain,Rain100L,rain-010.png,,39.61784978271959,0.9888987887459676,480,320
R011,Rain,Rain100L,rain-011.png,,39.21204395912302,0.9796318348105851,480,320
R012,Rain,Rain100L,rain-012.png,,40.0984321276324,0.9862204557561088,320,480
R013,Rain,Rain100L,rain-013.png,,42.5409694412122,0.9880922870928655,320,480
R014,Rain,Rain100L,rain-014.png,,40.59126286534358,0.9854413505050056,320,480
R015,Rain,Rain100L,rain-015.png,,42.18280073871151,0.9871308145781398,320,480
R016,Rain,Rain100L,rain-016.png,,35.14470123650813,0.9811818907649181,320,480
R017,Rain,Rain100L,rain-017.png,,44.4477369847698,0.9927559987979294,320,480
R018,Rain,Rain100L,rain-018.png,,42.12030231260744,0.9837879118444595,480,320
R019,Rain,Rain100L,rain-019.png,,35.70349938653457,0.9777168583075051,320,480
R020,Rain,Rain100L,rain-020.png,,37.49233788436835,0.9821062965347833,320,480
R021,Rain,Rain100L,rain-021.png,,40.53225044234945,0.9856304584774711,320,480
R022,Rain,Rain100L,rain-022.png,,38.70194804203798,0.9867350064275048,320,480
R023,Rain,Rain100L,rain-023.png,,40.73673024564158,0.9862648064723117,480,320
R024,Rain,Rain100L,rain-024.png,,22.77636483874134,0.9318615709669394,480,320
R025,Rain,Rain100L,rain-025.png,,33.47784729793289,0.9660134883543151,320,480
R026,Rain,Rain100L,rain-026.png,,38.64055427152691,0.9909767431790003,480,320
R027,Rain,Rain100L,rain-027.png,,38.84810227765703,0.9857724482523748,480,320
R028,Rain,Rain100L,rain-028.png,,32.74013496291737,0.9814973652476789,320,480
R029,Rain,Rain100L,rain-029.png,,43.29163553302023,0.9906452561067686,320,480
R030,Rain,Rain100L,rain-030.png,,39.56568596489915,0.9859925700734037,480,320
R031,Rain,Rain100L,rain-031.png,,42.42546795209694,0.9937550499714725,320,480
R032,Rain,Rain100L,rain-032.png,,41.22757737765043,0.9874557577391762,320,480
R033,Rain,Rain100L,rain-033.png,,41.65764260989803,0.990707648859448,480,320
R034,Rain,Rain100L,rain-034.png,,37.42900303422552,0.9812692324377629,320,480
R035,Rain,Rain100L,rain-035.png,,37.50668790751509,0.97402617597964,320,480
R036,Rain,Rain100L,rain-036.png,,40.325961541099,0.9873748105010388,320,480
R037,Rain,Rain100L,rain-037.png,,36.26770147044587,0.9785253334104507,320,480
R038,Rain,Rain100L,rain-038.png,,39.59331068131414,0.9903828190537315,320,480
R039,Rain,Rain100L,rain-039.png,,40.00446357930518,0.99028400942188,320,480
R040,Rain,Rain100L,rain-040.png,,39.52823090031616,0.9853247065055787,320,480
R041,Rain,Rain100L,rain-041.png,,37.84379051382096,0.9832030493562455,320,480
R042,Rain,Rain100L,rain-042.png,,36.91128172325242,0.9818267208586372,480,320
R043,Rain,Rain100L,rain-043.png,,41.37722361546327,0.9898100854668193,320,480
R044,Rain,Rain100L,rain-044.png,,38.65467860007139,0.989901390719934,480,320
R045,Rain,Rain100L,rain-045.png,,41.16701975185833,0.9944322822258186,320,480
R046,Rain,Rain100L,rain-046.png,,38.13755512103547,0.9912439316568111,480,320
R047,Rain,Rain100L,rain-047.png,,40.00875891936516,0.9863040649702399,480,320
R048,Rain,Rain100L,rain-048.png,,40.17307271543005,0.9836449629541679,320,480
R049,Rain,Rain100L,rain-049.png,,38.41511898393988,0.9849997845344896,320,480
R050,Rain,Rain100L,rain-050.png,,43.70510776345186,0.9883669024007521,480,320
R051,Rain,Rain100L,rain-051.png,,34.01217504864847,0.9784799275652619,320,480
R052,Rain,Rain100L,rain-052.png,,39.83762625604378,0.9811984539457815,480,320
R053,Rain,Rain100L,rain-053.png,,35.44791170054625,0.9720278614781721,320,480
R054,Rain,Rain100L,rain-054.png,,45.15481312009594,0.9951838451589358,320,480
R055,Rain,Rain100L,rain-055.png,,32.69059873936348,0.9736648552384635,320,480
R056,Rain,Rain100L,rain-056.png,,36.3535509298345,0.9774797724590719,320,480
R057,Rain,Rain100L,rain-057.png,,35.23342852931502,0.9766956713901176,320,480
R058,Rain,Rain100L,rain-058.png,,35.90668242217146,0.9775110300367048,320,480
R059,Rain,Rain100L,rain-059.png,,34.46882521991144,0.9805650926788188,320,480
R060,Rain,Rain100L,rain-060.png,,45.91496340119235,0.9936834544765546,320,480
R061,Rain,Rain100L,rain-061.png,,35.56839491442749,0.9717814960469285,480,320
R062,Rain,Rain100L,rain-062.png,,38.65997391409201,0.9857516883748021,320,480
R063,Rain,Rain100L,rain-063.png,,36.51675765976592,0.9856216245298572,480,320
R064,Rain,Rain100L,rain-064.png,,41.55550828021796,0.9848020202859935,320,480
R065,Rain,Rain100L,rain-065.png,,34.0977950223853,0.9776844385060256,320,480
R066,Rain,Rain100L,rain-066.png,,42.06008083061757,0.9855736574780144,320,480
R067,Rain,Rain100L,rain-067.png,,37.39594312275105,0.9867535837695772,320,480
R068,Rain,Rain100L,rain-068.png,,40.2841741687312,0.9885376318797007,480,320
R069,Rain,Rain100L,rain-069.png,,39.78693742330363,0.9884520710231847,480,320
R070,Rain,Rain100L,rain-070.png,,39.84722750201433,0.9879253140477969,320,480
R071,Rain,Rain100L,rain-071.png,,39.48442990490622,0.9835275794759629,480,320
R072,Rain,Rain100L,rain-072.png,,47.65472583568832,0.9949345473854135,480,320
R073,Rain,Rain100L,rain-073.png,,35.54852839453562,0.9728192795445265,320,480
R074,Rain,Rain100L,rain-074.png,,39.33932567180616,0.9826553266446124,320,480
R075,Rain,Rain100L,rain-075.png,,35.76019802990542,0.979213913922193,320,480
R076,Rain,Rain100L,rain-076.png,,37.36114319051958,0.9816764615990188,480,320
R077,Rain,Rain100L,rain-077.png,,39.17981448013064,0.9871183966981562,320,480
R078,Rain,Rain100L,rain-078.png,,45.66487862864516,0.9873947345487851,320,480
R079,Rain,Rain100L,rain-079.png,,42.08629999368461,0.9836563402467288,320,480
R080,Rain,Rain100L,rain-080.png,,43.31528567786307,0.9903358505161292,480,320
R081,Rain,Rain100L,rain-081.png,,41.60638431230281,0.9954046838982502,320,480
R082,Rain,Rain100L,rain-082.png,,35.88344687181981,0.9852455594048775,480,320
R083,Rain,Rain100L,rain-083.png,,41.71038766721036,0.9838978721587682,320,480
R084,Rain,Rain100L,rain-084.png,,35.13216551275582,0.9845519514453213,480,320
R085,Rain,Rain100L,rain-085.png,,36.4862874964144,0.9936823740946162,480,320
R086,Rain,Rain100L,rain-086.png,,38.89925313302909,0.9901436715973837,480,320
R087,Rain,Rain100L,rain-087.png,,37.57771891415229,0.981170327658162,480,320
R088,Rain,Rain100L,rain-088.png,,38.63967256075388,0.9833021140903663,320,480
R089,Rain,Rain100L,rain-089.png,,45.88852910698526,0.9886422394595312,320,480
R090,Rain,Rain100L,rain-090.png,,40.74201265996282,0.9898940656728593,480,320
R091,Rain,Rain100L,rain-091.png,,38.34910448191384,0.9825371806102888,320,480
R092,Rain,Rain100L,rain-092.png,,25.64279263608069,0.9273217982717332,480,320
R093,Rain,Rain100L,rain-093.png,,33.63000196418937,0.9807815586942051,480,320
R094,Rain,Rain100L,rain-094.png,,37.48156175923421,0.9738104381178349,320,480
R095,Rain,Rain100L,rain-095.png,,37.9925867560969,0.9614415471097156,320,480
R096,Rain,Rain100L,rain-096.png,,39.79154084720951,0.9852244038449735,320,480
R097,Rain,Rain100L,rain-097.png,,37.39619697976551,0.9855952795651352,480,320
R098,Rain,Rain100L,rain-098.png,,42.27513645966553,0.9900708845225452,320,480
R099,Rain,Rain100L,rain-099.png,,31.78502141254287,0.978560395543199,320,480
R100,Rain,Rain100L,rain-100.png,,33.52340615997937,0.9634033930750788,480,320
H001,Haze,SOTS-outdoor,0001_0.8_0.2.jpg,,32.7315225230325,0.9883226457445983,400,544
H002,Haze,SOTS-outdoor,0002_0.8_0.08.jpg,,21.66713381255197,0.941868426096777,400,544
H003,Haze,SOTS-outdoor,0003_0.8_0.2.jpg,,33.59237462268231,0.9896836158068102,304,544
H004,Haze,SOTS-outdoor,0004_0.9_0.12.jpg,,34.37141674421225,0.9906601283217742,400,544
H005,Haze,SOTS-outdoor,0006_0.85_0.08.jpg,,32.88570788120027,0.9904940760135736,400,544
H006,Haze,SOTS-outdoor,0007_0.9_0.16.jpg,,24.50008801993566,0.9729869557815715,416,560
H007,Haze,SOTS-outdoor,0009_0.8_0.16.jpg,,32.31485209971116,0.9822354280326784,400,544
H008,Haze,SOTS-outdoor,0010_0.95_0.16.jpg,,31.45108971187745,0.9768399771562276,400,544
H009,Haze,SOTS-outdoor,0011_0.95_0.16.jpg,,34.9123314842073,0.983797717133499,400,544
H010,Haze,SOTS-outdoor,0014_0.8_0.12.jpg,,21.18762521998465,0.9675915856788567,400,544
H011,Haze,SOTS-outdoor,0016_0.8_0.08.jpg,,26.26679898058546,0.9783997650890006,400,544
H012,Haze,SOTS-outdoor,0017_0.9_0.08.jpg,,37.20893521630533,0.9937935785619745,480,544
H013,Haze,SOTS-outdoor,0018_0.9_0.2.jpg,,34.32888729612436,0.9876834401158409,592,544
H014,Haze,SOTS-outdoor,0019_0.8_0.16.jpg,,25.75298165467576,0.982977215352792,400,544
H015,Haze,SOTS-outdoor,0021_0.8_0.08.jpg,,23.55042100597601,0.9789773995597818,400,544
H016,Haze,SOTS-outdoor,0022_0.8_0.08.jpg,,21.02557197590752,0.9559054589762411,400,544
H017,Haze,SOTS-outdoor,0023_0.85_0.12.jpg,,29.04853703337146,0.9806859480275447,400,544
H018,Haze,SOTS-outdoor,0024_0.85_0.08.jpg,,34.55940549887951,0.9625920181031918,400,544
H019,Haze,SOTS-outdoor,0025_0.8_0.16.jpg,,33.98366959099057,0.9867224789896426,400,544
H020,Haze,SOTS-outdoor,0026_0.95_0.08.jpg,,32.82601276270334,0.9870718207132237,400,544
H021,Haze,SOTS-outdoor,0029_0.85_0.08.jpg,,29.29356402635032,0.9848998058002287,400,544
H022,Haze,SOTS-outdoor,0030_0.95_0.12.jpg,,38.73354079787858,0.9939826926657863,400,544
H023,Haze,SOTS-outdoor,0033_0.85_0.08.jpg,,32.25484468352202,0.9894137154745581,400,544
H024,Haze,SOTS-outdoor,0034_0.9_0.16.jpg,,25.75259915337292,0.980241502165061,400,544
H025,Haze,SOTS-outdoor,0036_1_0.08.jpg,,23.35955243108916,0.9634328907895245,400,544
H026,Haze,SOTS-outdoor,0039_0.9_0.2.jpg,,35.30865171807594,0.9868444595956077,400,544
H027,Haze,SOTS-outdoor,0040_1_0.08.jpg,,34.17890686190096,0.9917352789170716,400,544
H028,Haze,SOTS-outdoor,0042_0.8_0.2.jpg,,32.28189880381051,0.9835773364064685,720,544
H029,Haze,SOTS-outdoor,0045_0.8_0.16.jpg,,21.84487402295944,0.9748569389794266,720,544
H030,Haze,SOTS-outdoor,0046_0.9_0.16.jpg,,30.53646236800288,0.9751296498176467,400,544
H031,Haze,SOTS-outdoor,0047_0.9_0.12.jpg,,36.07829618000018,0.9914413890376764,304,544
H032,Haze,SOTS-outdoor,0048_0.9_0.2.jpg,,26.6095937121434,0.9852672840895602,400,544
H033,Haze,SOTS-outdoor,0049_0.85_0.12.jpg,,26.7879926696777,0.9839497446741866,640,544
H034,Haze,SOTS-outdoor,0051_0.8_0.2.jpg,,33.44283498015714,0.9874495319756554,400,544
H035,Haze,SOTS-outdoor,0052_0.9_0.16.jpg,,24.24662673606206,0.9595350821696652,544,544
H036,Haze,SOTS-outdoor,0053_0.9_0.12.jpg,,28.27978343768087,0.972363832790367,400,544
H037,Haze,SOTS-outdoor,0054_0.85_0.16.jpg,,36.73332904059939,0.9907561309815853,400,544
H038,Haze,SOTS-outdoor,0055_0.85_0.12.jpg,,36.36908876510329,0.9918895556754633,400,544
H039,Haze,SOTS-outdoor,0056_0.8_0.16.jpg,,37.83422443188351,0.9892549932309976,624,544
H040,Haze,SOTS-outdoor,0057_0.8_0.12.jpg,,24.86372306906951,0.9804113198472818,400,544
H041,Haze,SOTS-outdoor,0058_0.8_0.2.jpg,,34.82822046081203,0.9877978039452322,592,544
H042,Haze,SOTS-outdoor,0059_0.9_0.12.jpg,,27.8799379194913,0.9861932298318873,400,544
H043,Haze,SOTS-outdoor,0060_0.9_0.2.jpg,,30.44114025605793,0.9596162986909252,832,544
H044,Haze,SOTS-outdoor,0061_0.8_0.2.jpg,,23.34076439538339,0.9726966765555657,304,544
H045,Haze,SOTS-outdoor,0062_0.9_0.2.jpg,,32.90905099443341,0.9812903630421186,400,544
H046,Haze,SOTS-outdoor,0063_0.8_0.16.jpg,,25.46038568407884,0.9769208399111595,400,544
H047,Haze,SOTS-outdoor,0064_0.8_0.2.jpg,,34.32918297186369,0.9835043783164079,400,544
H048,Haze,SOTS-outdoor,0065_0.9_0.12.jpg,,30.00329198954455,0.9881876095551873,400,544
H049,Haze,SOTS-outdoor,0066_1_0.08.jpg,,33.13558324195945,0.9942548049112533,400,544
H050,Haze,SOTS-outdoor,0068_1_0.16.jpg,,29.7354908246303,0.9744546275403222,736,544
H051,Haze,SOTS-outdoor,0069_0.9_0.16.jpg,,26.11071174840299,0.9633592850771757,304,544
H052,Haze,SOTS-outdoor,0070_0.9_0.12.jpg,,31.81534902149451,0.9909882907219453,560,544
H053,Haze,SOTS-outdoor,0071_0.8_0.2.jpg,,27.84101790609894,0.9803850115167062,400,544
H054,Haze,SOTS-outdoor,0072_0.9_0.2.jpg,,28.55163288672497,0.9829381705636849,304,544
H055,Haze,SOTS-outdoor,0073_0.8_0.16.jpg,,41.15569100572999,0.9910557724197181,400,544
H056,Haze,SOTS-outdoor,0074_0.8_0.2.jpg,,31.49889004268858,0.9812347435957,720,544
H057,Haze,SOTS-outdoor,0075_0.8_0.2.jpg,,27.4971873181015,0.9776496190867041,720,544
H058,Haze,SOTS-outdoor,0076_0.8_0.2.jpg,,22.63554313646576,0.9572932924820273,336,544
H059,Haze,SOTS-outdoor,0077_0.8_0.2.jpg,,37.09949363255718,0.9843712194816471,704,544
H060,Haze,SOTS-outdoor,0079_0.8_0.12.jpg,,35.40045630967468,0.9924780220914555,400,544
H061,Haze,SOTS-outdoor,0081_0.8_0.2.jpg,,20.79741430143473,0.9672385287270994,576,544
H062,Haze,SOTS-outdoor,0082_0.85_0.16.jpg,,36.93076474415854,0.9898541355497392,400,544
H063,Haze,SOTS-outdoor,0083_0.85_0.12.jpg,,33.62283332499442,0.9898317444749832,400,544
H064,Haze,SOTS-outdoor,0084_0.95_0.16.jpg,,34.96877101484048,0.9898653183559092,400,544
H065,Haze,SOTS-outdoor,0085_0.95_0.08.jpg,,34.51797367462547,0.9892393435305955,736,544
H066,Haze,SOTS-outdoor,0086_0.8_0.2.jpg,,34.29975417898976,0.9829768016466282,400,544
H067,Haze,SOTS-outdoor,0087_0.9_0.16.jpg,,33.59140320106211,0.9860294025822341,544,544
H068,Haze,SOTS-outdoor,0088_0.9_0.12.jpg,,36.50724602078155,0.9908703083289957,400,544
H069,Haze,SOTS-outdoor,0089_0.9_0.2.jpg,,27.55640478868856,0.9741157193712384,768,544
H070,Haze,SOTS-outdoor,0090_0.85_0.12.jpg,,28.83363967018631,0.988027138219557,560,544
H071,Haze,SOTS-outdoor,0091_0.85_0.2.jpg,,21.44583906481965,0.9565192978832878,576,544
H072,Haze,SOTS-outdoor,0092_0.85_0.2.jpg,,29.42794622149201,0.9872414092989629,592,544
H073,Haze,SOTS-outdoor,0093_0.8_0.08.jpg,,16.86938382407906,0.912806298974077,400,544
H074,Haze,SOTS-outdoor,0094_0.8_0.2.jpg,,27.52237854989568,0.982203553495744,400,544
H075,Haze,SOTS-outdoor,0095_0.8_0.08.jpg,,29.33576102155992,0.9879926366520656,400,544
H076,Haze,SOTS-outdoor,0096_0.8_0.2.jpg,,37.90197461984818,0.9930573109883051,400,544
H077,Haze,SOTS-outdoor,0097_0.85_0.08.jpg,,30.87395495523854,0.9926017072526093,400,544
H078,Haze,SOTS-outdoor,0098_0.85_0.2.jpg,,32.20658818548313,0.9888501416873224,640,544
H079,Haze,SOTS-outdoor,0099_0.9_0.16.jpg,,34.06491634914374,0.989327564115225,720,528
H080,Haze,SOTS-outdoor,0100_0.9_0.12.jpg,,24.15702115491037,0.96680923956901,400,544
H081,Haze,SOTS-outdoor,0101_0.9_0.08.jpg,,39.53534778044612,0.9921902039154983,592,544
H082,Haze,SOTS-outdoor,0102_0.85_0.12.jpg,,32.33717022494319,0.9834313055398715,576,544
H083,Haze,SOTS-outdoor,0104_0.95_0.12.jpg,,31.3371238530165,0.9849793947699985,720,544
H084,Haze,SOTS-outdoor,0105_0.95_0.2.jpg,,22.96101966720696,0.9508184785532312,640,544
H085,Haze,SOTS-outdoor,0106_0.9_0.08.jpg,,19.39882062131976,0.943580720680064,400,544
H086,Haze,SOTS-outdoor,0107_0.9_0.08.jpg,,26.20484341589571,0.9876696170913465,400,544
H087,Haze,SOTS-outdoor,0108_0.8_0.16.jpg,,35.47810184575642,0.9748441158185627,672,544
H088,Haze,SOTS-outdoor,0109_0.85_0.08.jpg,,28.83492420285127,0.9894370963464602,544,544
H089,Haze,SOTS-outdoor,0110_0.8_0.12.jpg,,35.45259933118037,0.9913797414435722,496,544
H090,Haze,SOTS-outdoor,0111_0.8_0.2.jpg,,31.15812152500855,0.9854728035030401,720,544
H091,Haze,SOTS-outdoor,0112_0.8_0.2.jpg,,20.22432683323258,0.9564012165880585,624,544
H092,Haze,SOTS-outdoor,0113_0.9_0.08.jpg,,39.24545393445232,0.9881646192613976,400,544
H093,Haze,SOTS-outdoor,0115_0.8_0.12.jpg,,32.89126790535489,0.9879938296871317,400,544
H094,Haze,SOTS-outdoor,0116_0.9_0.16.jpg,,25.51339606442056,0.9816786464575692,720,544
H095,Haze,SOTS-outdoor,0117_0.9_0.12.jpg,,22.76589093947,0.978056874795397,720,544
H096,Haze,SOTS-outdoor,0118_0.9_0.2.jpg,,27.28882114604053,0.9728559163489822,688,544
H097,Haze,SOTS-outdoor,0119_0.85_0.12.jpg,,26.32775625522966,0.975329987058187,720,544
H098,Haze,SOTS-outdoor,0120_0.85_0.08.jpg,,35.84856620248438,0.9902461480958885,800,544
H099,Haze,SOTS-outdoor,0121_0.85_0.2.jpg,,35.51584299149106,0.9876007260383938,304,544
H100,Haze,SOTS-outdoor,0123_1_0.08.jpg,,40.88590524811962,0.9917679918190525,720,544
N001,Noise,BSD68,101085.jpg,25.0,28.34105399890849,0.8470422368210966,480,320
N002,Noise,BSD68,101087.jpg,25.0,32.42097085868784,0.9198335247190456,480,320
N003,Noise,BSD68,102061.jpg,25.0,32.33499717547517,0.9021190912349759,480,320
N004,Noise,BSD68,103070.jpg,25.0,32.96930182792838,0.9091554629463751,320,480
N005,Noise,BSD68,105025.jpg,25.0,30.00553273489727,0.899179249529987,320,480
N006,Noise,BSD68,106024.jpg,25.0,35.06018033517213,0.9335008978264709,320,480
N007,Noise,BSD68,108005.jpg,25.0,30.9288589094224,0.8876417256967891,320,480
N008,Noise,BSD68,108070.jpg,25.0,28.81772231152065,0.8617235052329174,320,480
N009,Noise,BSD68,108082.jpg,25.0,31.45387942377461,0.9029696181660659,320,480
N010,Noise,BSD68,109053.jpg,25.0,31.90253192135094,0.8861147060012339,320,480
N011,Noise,BSD68,119082.jpg,25.0,31.58287089857989,0.9252333449659288,320,480
N012,Noise,BSD68,12084.jpg,25.0,30.17739459515994,0.8650466609119288,320,480
N013,Noise,BSD68,123074.jpg,25.0,31.89670990687497,0.8973064396234048,320,480
N014,Noise,BSD68,126007.jpg,25.0,33.06917368787935,0.8985846796077501,320,480
N015,Noise,BSD68,130026.jpg,25.0,29.87792213559791,0.8669213184596164,320,480
N016,Noise,BSD68,134035.jpg,25.0,30.84281340328033,0.9148001163912246,320,480
N017,Noise,BSD68,14037.jpg,25.0,34.74824255196904,0.9030771499950974,320,480
N018,Noise,BSD68,143090.jpg,25.0,34.88877599286965,0.9242685987873495,320,480
N019,Noise,BSD68,145086.jpg,25.0,30.65928056787748,0.8761563582544166,320,480
N020,Noise,BSD68,147091.jpg,25.0,31.30461775400701,0.8877246994104456,320,480
N021,Noise,BSD68,148026.jpg,25.0,29.1012540503187,0.9173680248272453,480,320
N022,Noise,BSD68,148089.jpg,25.0,29.62468489655143,0.8865084544652526,320,480
N023,Noise,BSD68,157055.jpg,25.0,31.31996388933761,0.913377652972763,320,480
N024,Noise,BSD68,159008.jpg,25.0,31.19427309374663,0.9111498355101357,320,480
N025,Noise,BSD68,160068.jpg,25.0,32.00567747037827,0.9479500722982287,320,480
N026,Noise,BSD68,16077.jpg,25.0,30.73857165928823,0.8719063584643836,320,480
N027,Noise,BSD68,163085.jpg,25.0,32.16453560262831,0.8849932815486768,320,480
N028,Noise,BSD68,167062.jpg,25.0,35.2198701761877,0.9074106209502908,320,480
N029,Noise,BSD68,167083.jpg,25.0,27.64721019443366,0.9181700693073199,480,320
N030,Noise,BSD68,170057.jpg,25.0,32.05243138518312,0.8733655270872479,320,480
N031,Noise,BSD68,175032.jpg,25.0,27.42808156864844,0.9073313295335356,480,320
N032,Noise,BSD68,175043.jpg,25.0,29.17302803535055,0.9049794064320662,320,480
N033,Noise,BSD68,182053.jpg,25.0,30.63500303612114,0.9372263342103585,320,480
N034,Noise,BSD68,189080.jpg,25.0,35.14428709159736,0.8902119854548025,480,320
N035,Noise,BSD68,19021.jpg,25.0,30.38240490316239,0.8776813513711387,320,480
N036,Noise,BSD68,196073.jpg,25.0,29.42614271646486,0.7230677254408179,320,480
N037,Noise,BSD68,197017.jpg,25.0,30.67259245189254,0.8643695700377517,320,480
N038,Noise,BSD68,208001.jpg,25.0,31.18246570903427,0.8660962692614049,480,320
N039,Noise,BSD68,210088.jpg,25.0,35.14107099452518,0.9413039090340201,480,320
N040,Noise,BSD68,21077.jpg,25.0,31.56652021296254,0.8495713350968691,320,480
N041,Noise,BSD68,216081.jpg,25.0,30.3544790953747,0.8880649974885363,320,480
N042,Noise,BSD68,219090.jpg,25.0,32.04425834831562,0.8745604666086374,320,480
N043,Noise,BSD68,220075.jpg,25.0,32.66807217641293,0.9203938064988003,320,480
N044,Noise,BSD68,223061.jpg,25.0,30.56195350958315,0.921000493596107,320,480
N045,Noise,BSD68,227092.jpg,25.0,35.70961852271957,0.9151258992367688,480,320
N046,Noise,BSD68,229036.jpg,25.0,29.07205682326451,0.8745813974997972,320,480
N047,Noise,BSD68,236037.jpg,25.0,29.12551712992419,0.8883322032832023,320,480
N048,Noise,BSD68,24077.jpg,25.0,32.19185067053457,0.9467670045391471,320,480
N049,Noise,BSD68,241004.jpg,25.0,33.26081629860633,0.8595844877683109,320,480
N050,Noise,BSD68,241048.jpg,25.0,29.32587714557778,0.872585125189499,320,480
N051,Noise,BSD68,253027.jpg,25.0,30.88853218404415,0.8763590509186562,320,480
N052,Noise,BSD68,253055.jpg,25.0,33.84078648326757,0.8718117863050301,320,480
N053,Noise,BSD68,260058.jpg,25.0,32.996973958349,0.8417946434481135,320,480
N054,Noise,BSD68,271035.jpg,25.0,31.61020435682389,0.8882287766248566,480,320
N055,Noise,BSD68,285079.jpg,25.0,30.06735395985764,0.8775053980838635,480,320
N056,Noise,BSD68,291000.jpg,25.0,26.74247962899114,0.891860087470862,320,480
N057,Noise,BSD68,295087.jpg,25.0,30.52210463025598,0.8950965432773027,320,480
N058,Noise,BSD68,296007.jpg,25.0,32.53479617058028,0.8429010065866128,320,480
N059,Noise,BSD68,296059.jpg,25.0,32.19445067781284,0.8487363575923829,320,480
N060,Noise,BSD68,299086.jpg,25.0,32.91400292439756,0.8568319840514534,320,480
N061,Noise,BSD68,300091.jpg,25.0,32.44706375555691,0.8588873451578136,320,480
N062,Noise,BSD68,302008.jpg,25.0,36.07777882036897,0.9505188375969414,480,320
N063,Noise,BSD68,304034.jpg,25.0,29.10194751480017,0.9071098777428982,320,480
N064,Noise,BSD68,304074.jpg,25.0,29.0242564486299,0.8379723854801266,480,320
N065,Noise,BSD68,306005.jpg,25.0,30.90576155714288,0.8813008138426257,320,480
N066,Noise,BSD68,3096.jpg,25.0,40.54627307426497,0.9687135498547635,320,480
N067,Noise,BSD68,33039.jpg,25.0,27.68549446942117,0.9280147156769637,480,320
N068,Noise,BSD68,351093.jpg,25.0,28.99255612640162,0.9247173393573744,320,480
N069,Noise,BSD68,101085.jpg,15.0,31.24217220522149,0.9190696579775803,480,320
N070,Noise,BSD68,101087.jpg,15.0,35.11886404752129,0.9511688598412383,480,320
N071,Noise,BSD68,102061.jpg,15.0,34.88652002118521,0.9322743850406536,480,320
N072,Noise,BSD68,103070.jpg,15.0,35.63238992001394,0.9445962394391803,320,480
N073,Noise,BSD68,105025.jpg,15.0,32.94649138569361,0.9456053031313868,320,480
N074,Noise,BSD68,106024.jpg,15.0,37.37830342361072,0.9556451745203152,320,480
N075,Noise,BSD68,108005.jpg,15.0,33.66406528828129,0.9363662193028569,320,480
N076,Noise,BSD68,108070.jpg,15.0,31.7640720780489,0.9239166983713406,320,480
N077,Noise,BSD68,108082.jpg,15.0,34.13438970260214,0.9436896851337826,320,480
N078,Noise,BSD68,109053.jpg,15.0,34.51535732299701,0.9328304065812212,320,480
N079,Noise,BSD68,119082.jpg,15.0,34.3702980834175,0.9547912339566323,320,480
N080,Noise,BSD68,12084.jpg,15.0,32.80579530304065,0.9179401540281967,320,480
N081,Noise,BSD68,123074.jpg,15.0,34.5337367569746,0.9392368569454345,320,480
N082,Noise,BSD68,126007.jpg,15.0,35.4745552186666,0.9298510989142904,320,480
N083,Noise,BSD68,130026.jpg,15.0,32.70086481521246,0.9200858808350484,320,480
N084,Noise,BSD68,134035.jpg,15.0,33.57856425885383,0.9504601809036272,320,480
N085,Noise,BSD68,14037.jpg,50.0,31.997431846466,0.8414177487288895,320,480
N086,Noise,BSD68,143090.jpg,50.0,31.8338282581445,0.8742121591718514,320,480
N087,Noise,BSD68,145086.jpg,50.0,27.3935224384144,0.7746989596408778,320,480
N088,Noise,BSD68,147091.jpg,50.0,27.85526429165352,0.8143093781811541,320,480
N089,Noise,BSD68,148026.jpg,50.0,25.20372341435774,0.8381387267568582,480,320
N090,Noise,BSD68,148089.jpg,50.0,26.19760054864759,0.779167990790866,320,480
N091,Noise,BSD68,157055.jpg,50.0,27.59331265072101,0.8319525121544497,320,480
N092,Noise,BSD68,159008.jpg,50.0,27.58433439877296,0.828883152902188,320,480
N093,Noise,BSD68,160068.jpg,50.0,28.42565061730589,0.8949548086106901,320,480
N094,Noise,BSD68,16077.jpg,50.0,27.58111512384206,0.7709559432679091,320,480
N095,Noise,BSD68,163085.jpg,50.0,28.99410846743228,0.8026341430171554,320,480
N096,Noise,BSD68,167062.jpg,50.0,32.14707238221754,0.8529357576372014,320,480
N097,Noise,BSD68,167083.jpg,50.0,23.48588145132393,0.804043561412051,480,320
N098,Noise,BSD68,170057.jpg,50.0,28.84487388452413,0.7646384546374595,320,480
N099,Noise,BSD68,175032.jpg,50.0,23.60075843737939,0.783898822489134,480,320
N100,Noise,BSD68,175043.jpg,50.0,25.59962600219525,0.7914543421540418,320,480
