Image_ID,Degradation,AFLB,alpha,beta,mask_area_pct
R001,Rain,AFLB1,0.4962271153926849,0.5046544671058655,0
R001,Rain,AFLB2,0.4949029386043549,0.4978736937046051,0
R001,Rain,AFLB3,0.4978349208831787,0.4985400140285492,0
R002,Rain,AFLB1,0.493757039308548,0.5086672902107239,0
R002,Rain,AFLB2,0.4911094009876251,0.4934137463569641,0
R002,Rain,AFLB3,0.4986181557178497,0.497257798910141,0
R003,Rain,AFLB1,0.4949488043785095,0.5063123106956482,0
R003,Rain,AFLB2,0.4930354654788971,0.4968388974666595,0
R003,Rain,AFLB3,0.4971986413002014,0.4979756474494934,0
R004,Rain,AFLB1,0.4949540495872498,0.5063067078590393,0
R004,Rain,AFLB2,0.4930427670478821,0.496844083070755,0
R004,Rain,AFLB3,0.4972013533115387,0.4979779124259949,0
R005,Rain,AFLB1,0.493812084197998,0.508208155632019,0
R005,Rain,AFLB2,0.4912664294242859,0.494852215051651,0
R005,Rain,AFLB3,0.4975533485412598,0.4973921477794647,0
R006,Rain,AFLB1,0.4930612146854401,0.509443998336792,0
R006,Rain,AFLB2,0.4901077747344971,0.4936152398586273,0
R006,Rain,AFLB3,0.497709333896637,0.4970215260982513,0
R007,Rain,AFLB1,0.4956017732620239,0.5056605935096741,0
R007,Rain,AFLB2,0.4941129684448242,0.4969677031040192,0
R007,Rain,AFLB3,0.497908741235733,0.4982214868068695,0
R008,Rain,AFLB1,0.4954595565795898,0.5060427784919739,0
R008,Rain,AFLB2,0.4938704073429108,0.49579718708992,0
R008,Rain,AFLB3,0.4986930787563324,0.4980601668357849,0
R009,Rain,AFLB1,0.4943894147872925,0.5080401301383972,0
R009,Rain,AFLB2,0.4922450184822083,0.49362912774086,0
R009,Rain,AFLB3,0.4993039667606354,0.4974834620952606,0
R010,Rain,AFLB1,0.49456587433815,0.506885290145874,0
R010,Rain,AFLB2,0.4924362301826477,0.4963954091072083,0
R010,Rain,AFLB3,0.4972084164619446,0.4977930784225464,0
R011,Rain,AFLB1,0.4950259625911713,0.5070205330848694,0
R011,Rain,AFLB2,0.4936518371105194,0.4944559931755066,0
R011,Rain,AFLB3,0.499512791633606,0.497775137424469,0
R012,Rain,AFLB1,0.4965921938419342,0.503873348236084,0
R012,Rain,AFLB2,0.4951928853988647,0.4986124634742737,0
R012,Rain,AFLB3,0.4974977374076843,0.4987693428993225,0
R013,Rain,AFLB1,0.4959956705570221,0.504862368106842,0
R013,Rain,AFLB2,0.4945108294487,0.4974966943264008,0
R013,Rain,AFLB3,0.4978430867195129,0.4984582662582397,0
R014,Rain,AFLB1,0.493943452835083,0.5080321431159973,0
R014,Rain,AFLB2,0.4914877116680145,0.494965136051178,0
R014,Rain,AFLB3,0.4976328611373901,0.497454971075058,0
R015,Rain,AFLB1,0.4954927563667297,0.5054843425750732,0
R015,Rain,AFLB2,0.4937649369239807,0.4969508051872253,0
R015,Rain,AFLB3,0.4976347982883453,0.4982165694236755,0
R016,Rain,AFLB1,0.4946870505809784,0.5071290135383606,0
R016,Rain,AFLB2,0.4924090802669525,0.4945306181907654,0
R016,Rain,AFLB3,0.4986201524734497,0.4976878762245178,0
R017,Rain,AFLB1,0.4934587478637695,0.5093929171562195,0
R017,Rain,AFLB2,0.4912369549274445,0.4930551648139954,0
R017,Rain,AFLB3,0.4988493621349335,0.4971018135547638,0
R018,Rain,AFLB1,0.4934482872486115,0.5090793371200562,0
R018,Rain,AFLB2,0.4907744824886322,0.493181049823761,0
R018,Rain,AFLB3,0.4984137117862701,0.4970988035202026,0
R019,Rain,AFLB1,0.4965074062347412,0.5043336153030396,0
R019,Rain,AFLB2,0.4952916502952576,0.4978997409343719,0
R019,Rain,AFLB3,0.4981396496295929,0.4986445307731628,0
R020,Rain,AFLB1,0.4966031312942505,0.5045194625854492,0
R020,Rain,AFLB2,0.495684802532196,0.4972149431705475,0
R020,Rain,AFLB3,0.4989508986473083,0.4985850751399994,0
R021,Rain,AFLB1,0.494153767824173,0.5078620910644531,0
R021,Rain,AFLB2,0.4918732941150665,0.4946762323379517,0
R021,Rain,AFLB3,0.4981192946434021,0.4975086748600006,0
R022,Rain,AFLB1,0.494423121213913,0.5072001218795776,0
R022,Rain,AFLB2,0.4922826290130615,0.4953494369983673,0
R022,Rain,AFLB3,0.4977843463420868,0.4976653754711151,0
R023,Rain,AFLB1,0.4922354817390442,0.5114270448684692,0
R023,Rain,AFLB2,0.488667905330658,0.490918904542923,0
R023,Rain,AFLB3,0.4988896548748016,0.4964665770530701,0
R024,Rain,AFLB1,0.4960621893405914,0.5050711035728455,0
R024,Rain,AFLB2,0.4948038756847382,0.4965734779834747,0
R024,Rain,AFLB3,0.4987869560718536,0.4983760714530945,0
R025,Rain,AFLB1,0.4929067194461823,0.5096592307090759,0
R025,Rain,AFLB2,0.4898635745048523,0.4934908449649811,0
R025,Rain,AFLB3,0.4976260662078857,0.4969552159309387,0
R026,Rain,AFLB1,0.495990514755249,0.5053583979606628,0
R026,Rain,AFLB2,0.4945715963840485,0.4963295161724091,0
R026,Rain,AFLB3,0.4988046884536743,0.4982757568359375,0
R027,Rain,AFLB1,0.4956615567207336,0.5050201416015625,0
R027,Rain,AFLB2,0.4941058456897736,0.498487651348114,0
R027,Rain,AFLB3,0.4966475665569305,0.4983676373958588,0
R028,Rain,AFLB1,0.4952608942985535,0.5064125061035156,0
R028,Rain,AFLB2,0.4937278628349304,0.4952543377876282,0
R028,Rain,AFLB3,0.4990045726299286,0.4979636371135712,0
R029,Rain,AFLB1,0.4969210028648376,0.5042826533317566,0
R029,Rain,AFLB2,0.4965739548206329,0.4970486164093018,0
R029,Rain,AFLB3,0.4995406270027161,0.4986141622066498,0
R030,Rain,AFLB1,0.4962751865386963,0.5047721266746521,0
R030,Rain,AFLB2,0.4953092634677887,0.4975242912769318,0
R030,Rain,AFLB3,0.4983522593975067,0.4985001981258392,0
R031,Rain,AFLB1,0.4955753684043884,0.505405604839325,0
R031,Rain,AFLB2,0.4941036999225616,0.4979540109634399,0
R031,Rain,AFLB3,0.4971326887607574,0.4982981979846954,0
R032,Rain,AFLB1,0.4960196018218994,0.5045725107192993,0
R032,Rain,AFLB2,0.494423508644104,0.4982707798480988,0
R032,Rain,AFLB3,0.4971438348293304,0.4985144436359406,0
R033,Rain,AFLB1,0.4954755306243896,0.5057703852653503,0
R033,Rain,AFLB2,0.4939284324645996,0.4969323575496674,0
R033,Rain,AFLB3,0.4978398680686951,0.4981660544872284,0
R034,Rain,AFLB1,0.4947798252105713,0.5065295100212097,0
R034,Rain,AFLB2,0.4927365481853485,0.4961986839771271,0
R034,Rain,AFLB3,0.4974034130573273,0.4978675842285156,0
R035,Rain,AFLB1,0.493714839220047,0.5084975957870483,0
R035,Rain,AFLB2,0.491481602191925,0.4941642880439758,0
R035,Rain,AFLB3,0.4981481730937958,0.4973202049732208,0
R036,Rain,AFLB1,0.4959074556827545,0.5052564144134521,0
R036,Rain,AFLB2,0.4945734739303589,0.4972065389156342,0
R036,Rain,AFLB3,0.4980701506137848,0.4983542561531067,0
R037,Rain,AFLB1,0.4949705302715302,0.5063005089759827,0
R037,Rain,AFLB2,0.4931621849536896,0.4966484010219574,0
R037,Rain,AFLB3,0.4974773228168488,0.4979857504367828,0
R038,Rain,AFLB1,0.4951539933681488,0.5061309933662415,0
R038,Rain,AFLB2,0.4932225048542023,0.4962850511074066,0
R038,Rain,AFLB3,0.4978563785552979,0.4980277419090271,0
R039,Rain,AFLB1,0.4957329630851746,0.5058056116104126,0
R039,Rain,AFLB2,0.4943588972091675,0.4956304728984833,0
R039,Rain,AFLB3,0.4991995990276337,0.4981420338153839,0
R040,Rain,AFLB1,0.4955257177352905,0.5055379271507263,0
R040,Rain,AFLB2,0.4940481781959534,0.4969827830791473,0
R040,Rain,AFLB3,0.4977956414222717,0.4982267618179321,0
R041,Rain,AFLB1,0.4955302178859711,0.5059487819671631,0
R041,Rain,AFLB2,0.494013249874115,0.4956874549388885,0
R041,Rain,AFLB3,0.4988948106765747,0.4980928003787994,0
R042,Rain,AFLB1,0.4963788986206055,0.5043522119522095,0
R042,Rain,AFLB2,0.4951886236667633,0.4975366294384003,0
R042,Rain,AFLB3,0.4982207715511322,0.4986023008823395,0
R043,Rain,AFLB1,0.4959072768688202,0.504396915435791,0
R043,Rain,AFLB2,0.4941172003746033,0.499847948551178,0
R043,Rain,AFLB3,0.495567262172699,0.4985539019107819,0
R044,Rain,AFLB1,0.4947822690010071,0.5062299370765686,0
R044,Rain,AFLB2,0.4928617775440216,0.4971694648265839,0
R044,Rain,AFLB3,0.4967243373394012,0.4979565441608429,0
R045,Rain,AFLB1,0.495301365852356,0.505337655544281,0
R045,Rain,AFLB2,0.4933178722858429,0.497646152973175,0
R045,Rain,AFLB3,0.4966799318790436,0.4981895983219147,0
R046,Rain,AFLB1,0.4960210621356964,0.5041084289550781,0
R046,Rain,AFLB2,0.4939447343349457,0.4997460246086121,0
R046,Rain,AFLB3,0.4956503212451935,0.4986011385917664,0
R047,Rain,AFLB1,0.4955668747425079,0.5058867335319519,0
R047,Rain,AFLB2,0.4940424859523773,0.4958816766738892,0
R047,Rain,AFLB3,0.4987485706806183,0.4981068670749664,0
R048,Rain,AFLB1,0.4945267140865326,0.5070469379425049,0
R048,Rain,AFLB2,0.4922196567058563,0.4956028759479523,0
R048,Rain,AFLB3,0.4976214468479156,0.4977135062217712,0
R049,Rain,AFLB1,0.4950140416622162,0.5060144066810608,0
R049,Rain,AFLB2,0.4930018484592438,0.497076541185379,0
R049,Rain,AFLB3,0.496923416852951,0.498013973236084,0
R050,Rain,AFLB1,0.495415210723877,0.5055614113807678,0
R050,Rain,AFLB2,0.4936071038246155,0.4971180260181427,0
R050,Rain,AFLB3,0.4974683523178101,0.498198002576828,0
R051,Rain,AFLB1,0.4941914975643158,0.5080162882804871,0
R051,Rain,AFLB2,0.4917583763599396,0.4940918385982513,0
R051,Rain,AFLB3,0.4985674023628235,0.4974572658538818,0
R052,Rain,AFLB1,0.494676411151886,0.5066999197006226,0
R052,Rain,AFLB2,0.49256831407547,0.495733380317688,0
R052,Rain,AFLB3,0.4977364838123322,0.4978039562702179,0
R053,Rain,AFLB1,0.493789941072464,0.5080306529998779,0
R053,Rain,AFLB2,0.4911547601222992,0.4950699508190155,0
R053,Rain,AFLB3,0.49721559882164,0.4973861277103424,0
R054,Rain,AFLB1,0.4955002963542938,0.5058528780937195,0
R054,Rain,AFLB2,0.4942441880702972,0.4960205256938934,0
R054,Rain,AFLB3,0.4986575543880463,0.4981338083744049,0
R055,Rain,AFLB1,0.4934648871421814,0.508906364440918,0
R055,Rain,AFLB2,0.4910187125205994,0.4940278232097626,0
R055,Rain,AFLB3,0.4978941380977631,0.497202455997467,0
R056,Rain,AFLB1,0.4962805211544037,0.504360020160675,0
R056,Rain,AFLB2,0.4949958622455597,0.4983214735984802,0
R056,Rain,AFLB3,0.4975369274616241,0.4986244142055511,0
R057,Rain,AFLB1,0.4941709935665131,0.508123517036438,0
R057,Rain,AFLB2,0.4920611977577209,0.4940069913864136,0
R057,Rain,AFLB3,0.4988065958023071,0.49745973944664,0
R058,Rain,AFLB1,0.494259387254715,0.5082128643989563,0
R058,Rain,AFLB2,0.49204421043396,0.4935322999954224,0
R058,Rain,AFLB3,0.4992392957210541,0.4974344968795776,0
R059,Rain,AFLB1,0.4947507679462433,0.5070375800132751,0
R059,Rain,AFLB2,0.4927026927471161,0.494962215423584,0
R059,Rain,AFLB3,0.4985373020172119,0.4977631866931915,0
R060,Rain,AFLB1,0.4979755878448486,0.5018118023872375,0
R060,Rain,AFLB2,0.4966138303279877,0.5003055930137634,0
R060,Rain,AFLB3,0.4973579347133636,0.4994857907295227,0
R061,Rain,AFLB1,0.4924795925617218,0.5101742148399353,0
R061,Rain,AFLB2,0.4889532923698425,0.4929607808589935,0
R061,Rain,AFLB3,0.4973022043704987,0.4967121481895447,0
R062,Rain,AFLB1,0.4955234825611115,0.5059608221054077,0
R062,Rain,AFLB2,0.4934215843677521,0.4948356449604034,0
R062,Rain,AFLB3,0.4992346465587616,0.4980379045009613,0
R063,Rain,AFLB1,0.4945855438709259,0.5067180395126343,0
R063,Rain,AFLB2,0.492251992225647,0.4961745142936707,0
R063,Rain,AFLB3,0.4972013533115387,0.4977872967720032,0
R064,Rain,AFLB1,0.49415522813797,0.506709635257721,0
R064,Rain,AFLB2,0.4915889799594879,0.497310996055603,0
R064,Rain,AFLB3,0.4955004155635834,0.4976540505886078,0
R065,Rain,AFLB1,0.4943442046642303,0.5072944760322571,0
R065,Rain,AFLB2,0.4920255243778229,0.4953480362892151,0
R065,Rain,AFLB3,0.4977037608623505,0.4976552426815033,0
R066,Rain,AFLB1,0.4954406023025513,0.5051549077033997,0
R066,Rain,AFLB2,0.4939776659011841,0.4986059963703156,0
R066,Rain,AFLB3,0.4962852299213409,0.4983104467391968,0
R067,Rain,AFLB1,0.49369215965271,0.5077821016311646,0
R067,Rain,AFLB2,0.4912096858024597,0.4961938858032227,0
R067,Rain,AFLB3,0.4961534440517426,0.4974276423454285,0
R068,Rain,AFLB1,0.4935025572776794,0.5093645453453064,0
R068,Rain,AFLB2,0.4912762641906738,0.4928991794586182,0
R068,Rain,AFLB3,0.4991267621517181,0.4971384108066559,0
R069,Rain,AFLB1,0.4945720136165619,0.5068707466125488,0
R069,Rain,AFLB2,0.4924202859401703,0.496385782957077,0
R069,Rain,AFLB3,0.497210294008255,0.4977943897247314,0
R070,Rain,AFLB1,0.4919427037239075,0.5105817317962646,0
R070,Rain,AFLB2,0.4881939291954041,0.4936181604862213,0
R070,Rain,AFLB3,0.4960326254367828,0.4965032935142517,0
R071,Rain,AFLB1,0.4933969676494598,0.5088642239570618,0
R071,Rain,AFLB2,0.4904811084270477,0.4937986433506012,0
R071,Rain,AFLB3,0.4978065490722656,0.4971393346786499,0
R072,Rain,AFLB1,0.4956188499927521,0.5064650177955627,0
R072,Rain,AFLB2,0.4942097067832947,0.49381422996521,0
R072,Rain,AFLB3,0.5004711747169495,0.4978804290294647,0
R073,Rain,AFLB1,0.4952743351459503,0.5057880282402039,0
R073,Rain,AFLB2,0.4936829209327698,0.4972057640552521,0
R073,Rain,AFLB3,0.4973362386226654,0.4981464445590973,0
R074,Rain,AFLB1,0.4950710237026215,0.5053051710128784,0
R074,Rain,AFLB2,0.4929388165473938,0.4991208910942078,0
R074,Rain,AFLB3,0.4951017498970032,0.4981449842453003,0
R075,Rain,AFLB1,0.4945153295993805,0.5068240761756897,0
R075,Rain,AFLB2,0.4927328824996948,0.4969265460968018,0
R075,Rain,AFLB3,0.4968317151069641,0.4978281855583191,0
R076,Rain,AFLB1,0.4940074384212494,0.5088273882865906,0
R076,Rain,AFLB2,0.4916864931583405,0.4925417602062225,0
R076,Rain,AFLB3,0.4997034668922424,0.4972115457057953,0
R077,Rain,AFLB1,0.4948545396327972,0.506931483745575,0
R077,Rain,AFLB2,0.4932401478290558,0.4955782890319824,0
R077,Rain,AFLB3,0.4983973801136017,0.4978361129760742,0
R078,Rain,AFLB1,0.4927764236927032,0.5089216828346252,0
R078,Rain,AFLB2,0.4897128045558929,0.4952615797519684,0
R078,Rain,AFLB3,0.4957942068576813,0.4969827830791473,0
R079,Rain,AFLB1,0.4925656616687775,0.5094793438911438,0
R079,Rain,AFLB2,0.4894663393497467,0.4944430589675903,0
R079,Rain,AFLB3,0.4962534010410309,0.4968486726284027,0
R080,Rain,AFLB1,0.4951825439929962,0.5068045258522034,0
R080,Rain,AFLB2,0.4939112365245819,0.4945868253707886,0
R080,Rain,AFLB3,0.4995885193347931,0.4978381097316742,0
R081,Rain,AFLB1,0.4943240582942963,0.507510244846344,0
R081,Rain,AFLB2,0.4918264746665955,0.4950195848941803,0
R081,Rain,AFLB3,0.4978861510753632,0.4975817799568176,0
R082,Rain,AFLB1,0.4935518205165863,0.5088728070259094,0
R082,Rain,AFLB2,0.4909094572067261,0.4936122894287109,0
R082,Rain,AFLB3,0.4983496367931366,0.4972081780433655,0
R083,Rain,AFLB1,0.492356926202774,0.5106195211410522,0
R083,Rain,AFLB2,0.4892792105674744,0.4929106533527374,0
R083,Rain,AFLB3,0.4976300299167633,0.4967082738876343,0
R084,Rain,AFLB1,0.4955608248710632,0.5054539442062378,0
R084,Rain,AFLB2,0.4938506186008453,0.4968591332435608,0
R084,Rain,AFLB3,0.4978033006191254,0.4982198178768158,0
R085,Rain,AFLB1,0.4960862994194031,0.5046583414077759,0
R085,Rain,AFLB2,0.4945579469203949,0.4976484477519989,0
R085,Rain,AFLB3,0.4977428615093231,0.4985074400901794,0
R086,Rain,AFLB1,0.494958370923996,0.5064070224761963,0
R086,Rain,AFLB2,0.49314084649086,0.4963994026184082,0
R086,Rain,AFLB3,0.4976651668548584,0.4979433119297028,0
R087,Rain,AFLB1,0.4956110715866089,0.5055936574935913,0
R087,Rain,AFLB2,0.4941545724868774,0.4968360662460327,0
R087,Rain,AFLB3,0.4981195330619812,0.4982306659221649,0
R088,Rain,AFLB1,0.4918249249458313,0.5120465159416199,0
R088,Rain,AFLB2,0.4877243936061859,0.4902310371398926,0
R088,Rain,AFLB3,0.4988566637039185,0.4962848722934723,0
R089,Rain,AFLB1,0.4931247234344482,0.5094169974327087,0
R089,Rain,AFLB2,0.4901660680770874,0.4928108751773834,0
R089,Rain,AFLB3,0.4983178079128265,0.4969935417175293,0
R090,Rain,AFLB1,0.4933331310749054,0.5093861818313599,0
R090,Rain,AFLB2,0.4905247092247009,0.4927533864974976,0
R090,Rain,AFLB3,0.4987365901470184,0.4970512092113495,0
R091,Rain,AFLB1,0.4965706765651703,0.5038979053497314,0
R091,Rain,AFLB2,0.4951819479465485,0.4986081123352051,0
R091,Rain,AFLB3,0.497490793466568,0.4987646043300629,0
R092,Rain,AFLB1,0.4954998195171356,0.5054520964622498,0
R092,Rain,AFLB2,0.4938575029373169,0.4972868263721466,0
R092,Rain,AFLB3,0.4974716603755951,0.4982390105724335,0
R093,Rain,AFLB1,0.4960222840309143,0.5048461556434631,0
R093,Rain,AFLB2,0.4946298599243164,0.4977210164070129,0
R093,Rain,AFLB3,0.497805267572403,0.4984917938709259,0
R094,Rain,AFLB1,0.4955170452594757,0.5059352517127991,0
R094,Rain,AFLB2,0.4945312440395355,0.4966421723365784,0
R094,Rain,AFLB3,0.4984054267406464,0.4981555640697479,0
R095,Rain,AFLB1,0.4935060441493988,0.5090177059173584,0
R095,Rain,AFLB2,0.4915103912353516,0.4942422211170197,0
R095,Rain,AFLB3,0.498077780008316,0.4972301125526428,0
R096,Rain,AFLB1,0.4970700144767761,0.5037689805030823,0
R096,Rain,AFLB2,0.4962733089923859,0.4975297451019287,0
R096,Rain,AFLB3,0.4991219043731689,0.4988100230693817,0
R097,Rain,AFLB1,0.4961571395397186,0.5048721432685852,0
R097,Rain,AFLB2,0.4949288666248322,0.4969890117645264,0
R097,Rain,AFLB3,0.4985212981700897,0.4984519183635712,0
R098,Rain,AFLB1,0.4938368499279022,0.5077453255653381,0
R098,Rain,AFLB2,0.4918147027492523,0.4963046014308929,0
R098,Rain,AFLB3,0.4965085983276367,0.4975003302097321,0
R099,Rain,AFLB1,0.4932940304279327,0.5092825293540955,0
R099,Rain,AFLB2,0.4911123812198639,0.4941372871398926,0
R099,Rain,AFLB3,0.4978468418121338,0.4971369802951813,0
R100,Rain,AFLB1,0.4942624270915985,0.5074962973594666,0
R100,Rain,AFLB2,0.4917504191398621,0.4947604537010193,0
R100,Rain,AFLB3,0.4979486465454102,0.4975488483905792,0
H001,Haze,AFLB1,0.49306920170784,0.5087310075759888,0
H001,Haze,AFLB2,0.4900159239768982,0.495013415813446,0
H001,Haze,AFLB3,0.4963740408420563,0.4971021115779877,0
H002,Haze,AFLB1,0.4947218298912048,0.5064389109611511,0
H002,Haze,AFLB2,0.4926143288612366,0.4964422881603241,0
H002,Haze,AFLB3,0.4971594512462616,0.4978789389133453,0
H003,Haze,AFLB1,0.493987649679184,0.507106602191925,0
H003,Haze,AFLB2,0.4913414716720581,0.4967984557151794,0
H003,Haze,AFLB3,0.4958422780036926,0.4975737035274506,0
H004,Haze,AFLB1,0.4918695986270905,0.5102562308311462,0
H004,Haze,AFLB2,0.4881678521633148,0.4942922592163086,0
H004,Haze,AFLB3,0.495421975851059,0.4965222179889679,0
H005,Haze,AFLB1,0.4937883019447327,0.5076516270637512,0
H005,Haze,AFLB2,0.4913183152675629,0.4957456886768341,0
H005,Haze,AFLB3,0.4967058002948761,0.4974717795848846,0
H006,Haze,AFLB1,0.4935857355594635,0.5082129240036011,0
H006,Haze,AFLB2,0.4909158945083618,0.4949316382408142,0
H006,Haze,AFLB3,0.497142106294632,0.4973313808441162,0
H007,Haze,AFLB1,0.4934317469596863,0.5087094902992249,0
H007,Haze,AFLB2,0.4904887974262238,0.4941675662994385,0
H007,Haze,AFLB3,0.4975292682647705,0.4971923828125,0
H008,Haze,AFLB1,0.4932838678359985,0.5085961222648621,0
H008,Haze,AFLB2,0.49041548371315,0.4947176873683929,0
H008,Haze,AFLB3,0.4969214200973511,0.4971882104873657,0
H009,Haze,AFLB1,0.4937596917152405,0.508007287979126,0
H009,Haze,AFLB2,0.4912692904472351,0.494930237531662,0
H009,Haze,AFLB3,0.497369259595871,0.4974018037319183,0
H010,Haze,AFLB1,0.4935793578624725,0.5081716775894165,0
H010,Haze,AFLB2,0.490935891866684,0.4950186610221863,0
H010,Haze,AFLB3,0.4970504939556122,0.4973326325416565,0
H011,Haze,AFLB1,0.4940559864044189,0.5073423385620117,0
H011,Haze,AFLB2,0.4916032552719116,0.4959656894207001,0
H011,Haze,AFLB3,0.4968000650405884,0.4975803792476654,0
H012,Haze,AFLB1,0.4937476217746735,0.5079048871994019,0
H012,Haze,AFLB2,0.4912191331386566,0.4952296018600464,0
H012,Haze,AFLB3,0.4971016347408295,0.4974169135093689,0
H013,Haze,AFLB1,0.4928063154220581,0.5089520215988159,0
H013,Haze,AFLB2,0.4897142946720123,0.4949515461921692,0
H013,Haze,AFLB3,0.496147632598877,0.4970020949840546,0
H014,Haze,AFLB1,0.4938036501407623,0.5078506469726562,0
H014,Haze,AFLB2,0.4912345409393311,0.4952536225318909,0
H014,Haze,AFLB3,0.4970898628234863,0.4974276423454285,0
H015,Haze,AFLB1,0.4928115606307983,0.50931715965271,0
H015,Haze,AFLB2,0.4897194504737854,0.4940572082996368,0
H015,Haze,AFLB3,0.4969125390052795,0.496950626373291,0
H016,Haze,AFLB1,0.4931188225746155,0.508802056312561,0
H016,Haze,AFLB2,0.4902378618717194,0.4945093989372253,0
H016,Haze,AFLB3,0.4969024658203125,0.4971077740192413,0
H017,Haze,AFLB1,0.4939934909343719,0.50791335105896,0
H017,Haze,AFLB2,0.491669774055481,0.4945421516895294,0
H017,Haze,AFLB3,0.4980270862579346,0.4974677860736847,0
H018,Haze,AFLB1,0.4952647387981415,0.5058305263519287,0
H018,Haze,AFLB2,0.49354088306427,0.4964755177497864,0
H018,Haze,AFLB3,0.4978602230548859,0.4981103241443634,0
H019,Haze,AFLB1,0.4937489926815033,0.5078363418579102,0
H019,Haze,AFLB2,0.4911478161811829,0.4954214096069336,0
H019,Haze,AFLB3,0.4968965649604797,0.4974269568920135,0
H020,Haze,AFLB1,0.494036465883255,0.5073438882827759,0
H020,Haze,AFLB2,0.4916606545448303,0.4958524703979492,0
H020,Haze,AFLB3,0.4968789219856262,0.4975749552249908,0
H021,Haze,AFLB1,0.4939393699169159,0.5074916481971741,0
H021,Haze,AFLB2,0.4913716316223145,0.4958074688911438,0
H021,Haze,AFLB3,0.496736615896225,0.4975103735923767,0
H022,Haze,AFLB1,0.493920236825943,0.5077529549598694,0
H022,Haze,AFLB2,0.4914924204349518,0.4952481389045715,0
H022,Haze,AFLB3,0.4973072111606598,0.4974794685840607,0
H023,Haze,AFLB1,0.4940679669380188,0.5073717832565308,0
H023,Haze,AFLB2,0.4917049705982208,0.4959529638290405,0
H023,Haze,AFLB3,0.4968989193439484,0.4975910484790802,0
H024,Haze,AFLB1,0.4941074848175049,0.5072935223579407,0
H024,Haze,AFLB2,0.4917432069778442,0.4960347414016724,0
H024,Haze,AFLB3,0.496835470199585,0.4976036250591278,0
H025,Haze,AFLB1,0.4928660690784454,0.5090654492378235,0
H025,Haze,AFLB2,0.489838182926178,0.4945382475852966,0
H025,Haze,AFLB3,0.4965445697307587,0.4970015585422516,0
H026,Haze,AFLB1,0.4934394657611847,0.5083486437797546,0
H026,Haze,AFLB2,0.4906977713108063,0.4951162338256836,0
H026,Haze,AFLB3,0.4968267679214478,0.4972726702690125,0
H027,Haze,AFLB1,0.4933333098888397,0.5085868239402771,0
H027,Haze,AFLB2,0.4906308352947235,0.4946220517158508,0
H027,Haze,AFLB3,0.49714595079422,0.4972119629383087,0
H028,Haze,AFLB1,0.4930420815944672,0.5089230537414551,0
H028,Haze,AFLB2,0.4900292158126831,0.4946485459804535,0
H028,Haze,AFLB3,0.496760755777359,0.4970879554748535,0
H029,Haze,AFLB1,0.4920068085193634,0.5102279186248779,0
H029,Haze,AFLB2,0.4883973896503448,0.4938625991344452,0
H029,Haze,AFLB3,0.4960663020610809,0.4965994656085968,0
H030,Haze,AFLB1,0.4938179552555084,0.507780134677887,0
H030,Haze,AFLB2,0.4912717044353485,0.4953651130199432,0
H030,Haze,AFLB3,0.4970138072967529,0.4974435865879059,0
H031,Haze,AFLB1,0.4938828349113464,0.507634162902832,0
H031,Haze,AFLB2,0.4914793074131012,0.4954869449138641,0
H031,Haze,AFLB3,0.4969562292098999,0.4974784553050995,0
H032,Haze,AFLB1,0.4928505420684814,0.5090305805206299,0
H032,Haze,AFLB2,0.489654541015625,0.4949093759059906,0
H032,Haze,AFLB3,0.4961594641208649,0.4969937205314636,0
H033,Haze,AFLB1,0.4938649237155914,0.5076775550842285,0
H033,Haze,AFLB2,0.4913880228996277,0.4954800605773926,0
H033,Haze,AFLB3,0.4970318973064423,0.4974801540374756,0
H034,Haze,AFLB1,0.4940309524536133,0.5075020790100098,0
H034,Haze,AFLB2,0.4916901588439941,0.495556503534317,0
H034,Haze,AFLB3,0.4971430003643036,0.4975394606590271,0
H035,Haze,AFLB1,0.4930766224861145,0.5087968707084656,0
H035,Haze,AFLB2,0.4901508390903473,0.4947843849658966,0
H035,Haze,AFLB3,0.4966503381729126,0.4971077144145966,0
H036,Haze,AFLB1,0.4940372407436371,0.5076131224632263,0
H036,Haze,AFLB2,0.4915842413902283,0.4955333173274994,0
H036,Haze,AFLB3,0.4971682727336884,0.4975309073925018,0
H037,Haze,AFLB1,0.4936232566833496,0.5081748366355896,0
H037,Haze,AFLB2,0.4909888803958893,0.4950031340122223,0
H037,Haze,AFLB3,0.4971016347408295,0.4973362982273102,0
H038,Haze,AFLB1,0.4943186938762665,0.5070672035217285,0
H038,Haze,AFLB2,0.4920138716697693,0.4959462285041809,0
H038,Haze,AFLB3,0.4971349835395813,0.4976839423179626,0
H039,Haze,AFLB1,0.4937834143638611,0.5077705383300781,0
H039,Haze,AFLB2,0.4912320673465729,0.4953519403934479,0
H039,Haze,AFLB3,0.4970307052135468,0.4974419772624969,0
H040,Haze,AFLB1,0.493124395608902,0.5086821913719177,0
H040,Haze,AFLB2,0.4901867508888245,0.4950856268405914,0
H040,Haze,AFLB3,0.4963817298412323,0.497119665145874,0
H041,Haze,AFLB1,0.4944781363010406,0.5069614052772522,0
H041,Haze,AFLB2,0.492310106754303,0.495919942855835,0
H041,Haze,AFLB3,0.4974546730518341,0.4977545142173767,0
H042,Haze,AFLB1,0.4932234287261963,0.5084502100944519,0
H042,Haze,AFLB2,0.4904733598232269,0.4952819347381592,0
H042,Haze,AFLB3,0.496406227350235,0.4971973299980164,0
H043,Haze,AFLB1,0.4930537939071655,0.5086898803710938,0
H043,Haze,AFLB2,0.4900809526443481,0.4950140416622162,0
H043,Haze,AFLB3,0.4964378476142883,0.4971186518669128,0
H044,Haze,AFLB1,0.4936385452747345,0.5080922245979309,0
H044,Haze,AFLB2,0.4910876452922821,0.4950940907001495,0
H044,Haze,AFLB3,0.4970425367355347,0.4973508417606354,0
H045,Haze,AFLB1,0.4917121827602386,0.5109235048294067,0
H045,Haze,AFLB2,0.4876767694950104,0.4930813014507294,0
H045,Haze,AFLB3,0.4961786270141602,0.4963904917240143,0
H046,Haze,AFLB1,0.4930525720119476,0.508879542350769,0
H046,Haze,AFLB2,0.4899326860904694,0.4944902658462524,0
H046,Haze,AFLB3,0.4967135190963745,0.4970575571060181,0
H047,Haze,AFLB1,0.4933321475982666,0.5085589289665222,0
H047,Haze,AFLB2,0.4904510378837585,0.4948447942733765,0
H047,Haze,AFLB3,0.4968506693840027,0.4972010552883148,0
H048,Haze,AFLB1,0.4941211640834808,0.5074591636657715,0
H048,Haze,AFLB2,0.4916882216930389,0.4954835474491119,0
H048,Haze,AFLB3,0.497342586517334,0.497578352689743,0
H049,Haze,AFLB1,0.4931629002094269,0.5084609985351562,0
H049,Haze,AFLB2,0.4903369545936584,0.4951339066028595,0
H049,Haze,AFLB3,0.4964077472686768,0.4971668720245361,0
H050,Haze,AFLB1,0.4931724071502686,0.5084947347640991,0
H050,Haze,AFLB2,0.4903311133384705,0.4951641857624054,0
H050,Haze,AFLB3,0.4965119361877441,0.4971887767314911,0
H051,Haze,AFLB1,0.4937330782413483,0.5079530477523804,0
H051,Haze,AFLB2,0.4910234808921814,0.4953323602676392,0
H051,Haze,AFLB3,0.4967933893203735,0.4973713755607605,0
H052,Haze,AFLB1,0.4934629201889038,0.5079444646835327,0
H052,Haze,AFLB2,0.4905967712402344,0.4961719214916229,0
H052,Haze,AFLB3,0.4958360493183136,0.4973152279853821,0
H053,Haze,AFLB1,0.4935175478458405,0.5083062052726746,0
H053,Haze,AFLB2,0.4908688962459564,0.4948957562446594,0
H053,Haze,AFLB3,0.4970985651016235,0.4972879886627197,0
H054,Haze,AFLB1,0.4932849109172821,0.5085740685462952,0
H054,Haze,AFLB2,0.4905552268028259,0.4948979914188385,0
H054,Haze,AFLB3,0.4967972338199615,0.4971925020217896,0
H055,Haze,AFLB1,0.493976503610611,0.5075855255126953,0
H055,Haze,AFLB2,0.4915341436862946,0.495419830083847,0
H055,Haze,AFLB3,0.4972091317176819,0.4975187480449677,0
H056,Haze,AFLB1,0.494998037815094,0.5057894587516785,0
H056,Haze,AFLB2,0.4928742349147797,0.4975304305553436,0
H056,Haze,AFLB3,0.4965707957744598,0.4980725646018982,0
H057,Haze,AFLB1,0.4931402206420898,0.5087375044822693,0
H057,Haze,AFLB2,0.4901570081710815,0.4948421120643616,0
H057,Haze,AFLB3,0.4966867566108704,0.4971337914466858,0
H058,Haze,AFLB1,0.4944309294223785,0.5070052146911621,0
H058,Haze,AFLB2,0.4919036030769348,0.4960482120513916,0
H058,Haze,AFLB3,0.4970342516899109,0.497698038816452,0
H059,Haze,AFLB1,0.4950326681137085,0.505638599395752,0
H059,Haze,AFLB2,0.4929656386375427,0.4977075457572937,0
H059,Haze,AFLB3,0.4964667558670044,0.4981086552143097,0
H060,Haze,AFLB1,0.4938442409038544,0.5078032612800598,0
H060,Haze,AFLB2,0.4912852346897125,0.4952226281166077,0
H060,Haze,AFLB3,0.4971508979797363,0.4974432289600372,0
H061,Haze,AFLB1,0.4922924935817719,0.5097758173942566,0
H061,Haze,AFLB2,0.4888871908187866,0.4943867623806,0
H061,Haze,AFLB3,0.4959813058376312,0.4967443346977234,0
H062,Haze,AFLB1,0.4934774339199066,0.5081992745399475,0
H062,Haze,AFLB2,0.4906528890132904,0.4954216480255127,0
H062,Haze,AFLB3,0.496533215045929,0.4972928464412689,0
H063,Haze,AFLB1,0.4937134385108948,0.5080077052116394,0
H063,Haze,AFLB2,0.4910915493965149,0.4951731860637665,0
H063,Haze,AFLB3,0.4970792531967163,0.4973849356174469,0
H064,Haze,AFLB1,0.4938749372959137,0.5079807639122009,0
H064,Haze,AFLB2,0.4913996160030365,0.4948945939540863,0
H064,Haze,AFLB3,0.4975380003452301,0.4974291920661926,0
H065,Haze,AFLB1,0.4945779740810394,0.5066295266151428,0
H065,Haze,AFLB2,0.4923115074634552,0.4962759613990784,0
H065,Haze,AFLB3,0.4971626698970795,0.4978204369544983,0
H066,Haze,AFLB1,0.4942200183868408,0.5072680115699768,0
H066,Haze,AFLB2,0.491899847984314,0.49569371342659,0
H066,Haze,AFLB3,0.4972483217716217,0.4976292550563812,0
H067,Haze,AFLB1,0.4927393794059753,0.5094023942947388,0
H067,Haze,AFLB2,0.489464670419693,0.4942009150981903,0
H067,Haze,AFLB3,0.4966774582862854,0.4969210624694824,0
H068,Haze,AFLB1,0.4939355850219727,0.5075517892837524,0
H068,Haze,AFLB2,0.4915324151515961,0.4955690205097198,0
H068,Haze,AFLB3,0.4969938397407532,0.4975115656852722,0
H069,Haze,AFLB1,0.4928962886333466,0.5089278817176819,0
H069,Haze,AFLB2,0.4897891581058502,0.4948226809501648,0
H069,Haze,AFLB3,0.4963789582252502,0.4970373213291168,0
H070,Haze,AFLB1,0.4935791790485382,0.5081923604011536,0
H070,Haze,AFLB2,0.4907996356487274,0.4951261878013611,0
H070,Haze,AFLB3,0.4969694018363953,0.4973301589488983,0
H071,Haze,AFLB1,0.4929465353488922,0.5089899897575378,0
H071,Haze,AFLB2,0.4897795915603638,0.4944963157176971,0
H071,Haze,AFLB3,0.4966533482074738,0.4970307052135468,0
H072,Haze,AFLB1,0.4928964078426361,0.5090635418891907,0
H072,Haze,AFLB2,0.4897759258747101,0.4945070445537567,0
H072,Haze,AFLB3,0.4966692328453064,0.4970278739929199,0
H073,Haze,AFLB1,0.4937351644039154,0.5079790353775024,0
H073,Haze,AFLB2,0.4911587238311768,0.4952362179756165,0
H073,Haze,AFLB3,0.4970285892486572,0.4973917901515961,0
H074,Haze,AFLB1,0.4938419163227081,0.5075002312660217,0
H074,Haze,AFLB2,0.4911273419857025,0.4960829615592957,0
H074,Haze,AFLB3,0.4963566362857819,0.4974852502346039,0
H075,Haze,AFLB1,0.4943450391292572,0.5072115063667297,0
H075,Haze,AFLB2,0.4919789433479309,0.4956035912036896,0
H075,Haze,AFLB3,0.4974518418312073,0.4976546466350555,0
H076,Haze,AFLB1,0.4931498467922211,0.5091513395309448,0
H076,Haze,AFLB2,0.490271270275116,0.4937101900577545,0
H076,Haze,AFLB3,0.4976571798324585,0.4970616400241852,0
H077,Haze,AFLB1,0.4935173094272614,0.5079951286315918,0
H077,Haze,AFLB2,0.4908568561077118,0.4957298636436462,0
H077,Haze,AFLB3,0.4963589906692505,0.4973403513431549,0
H078,Haze,AFLB1,0.4927400052547455,0.5091657638549805,0
H078,Haze,AFLB2,0.4895285964012146,0.4946858882904053,0
H078,Haze,AFLB3,0.496248722076416,0.4969449639320374,0
H079,Haze,AFLB1,0.4943260252475739,0.5068455934524536,0
H079,Haze,AFLB2,0.4919151961803436,0.4963462054729462,0
H079,Haze,AFLB3,0.4967811703681946,0.4977246820926666,0
H080,Haze,AFLB1,0.4936107099056244,0.5080591440200806,0
H080,Haze,AFLB2,0.4909933805465698,0.4951819479465485,0
H080,Haze,AFLB3,0.4969144761562347,0.4973460137844086,0
H081,Haze,AFLB1,0.4940828680992126,0.507269024848938,0
H081,Haze,AFLB2,0.4917741715908051,0.4959098696708679,0
H081,Haze,AFLB3,0.4969683587551117,0.4976068139076233,0
H082,Haze,AFLB1,0.4936197698116302,0.5080733895301819,0
H082,Haze,AFLB2,0.4910401701927185,0.495222419500351,0
H082,Haze,AFLB3,0.4970060884952545,0.4973654747009277,0
H083,Haze,AFLB1,0.4932401478290558,0.5084785223007202,0
H083,Haze,AFLB2,0.4903533458709717,0.4949513673782349,0
H083,Haze,AFLB3,0.4966865181922913,0.497191309928894,0
H084,Haze,AFLB1,0.4923369288444519,0.5098409652709961,0
H084,Haze,AFLB2,0.4889428019523621,0.4939920902252197,0
H084,Haze,AFLB3,0.4964185655117035,0.4967654645442963,0
H085,Haze,AFLB1,0.4934231340885162,0.5083411931991577,0
H085,Haze,AFLB2,0.490700751543045,0.4950103163719177,0
H085,Haze,AFLB3,0.4968568980693817,0.4972610473632812,0
H086,Haze,AFLB1,0.4929485619068146,0.5090407133102417,0
H086,Haze,AFLB2,0.4899226725101471,0.4945347011089325,0
H086,Haze,AFLB3,0.4966518580913544,0.4970293641090393,0
H087,Haze,AFLB1,0.493841677904129,0.5078502893447876,0
H087,Haze,AFLB2,0.4915037751197815,0.4953418970108032,0
H087,Haze,AFLB3,0.4972784519195557,0.497477799654007,0
H088,Haze,AFLB1,0.4937262237071991,0.5081200003623962,0
H088,Haze,AFLB2,0.4911712110042572,0.4948010742664337,0
H088,Haze,AFLB3,0.4974670708179474,0.497382640838623,0
H089,Haze,AFLB1,0.494331032037735,0.5070511698722839,0
H089,Haze,AFLB2,0.4920948445796967,0.4960136711597443,0
H089,Haze,AFLB3,0.4971500039100647,0.4976998865604401,0
H090,Haze,AFLB1,0.4938931465148926,0.5078075528144836,0
H090,Haze,AFLB2,0.4914160668849945,0.4949584305286407,0
H090,Haze,AFLB3,0.4975503981113434,0.4974670708179474,0
H091,Haze,AFLB1,0.4927853345870972,0.509131908416748,0
H091,Haze,AFLB2,0.4897055923938751,0.4945682287216187,0
H091,Haze,AFLB3,0.4964907169342041,0.4969871342182159,0
H092,Haze,AFLB1,0.4968351125717163,0.5038828253746033,0
H092,Haze,AFLB2,0.4957374930381775,0.4975231289863586,0
H092,Haze,AFLB3,0.4987329244613647,0.4987529814243317,0
H093,Haze,AFLB1,0.4945094585418701,0.5069496631622314,0
H093,Haze,AFLB2,0.4923458397388458,0.4957863092422485,0
H093,Haze,AFLB3,0.4975335001945496,0.4977520406246185,0
H094,Haze,AFLB1,0.4922660887241364,0.5099083781242371,0
H094,Haze,AFLB2,0.4888338446617126,0.493961900472641,0
H094,Haze,AFLB3,0.4963327348232269,0.4967241585254669,0
H095,Haze,AFLB1,0.4920108616352081,0.5102450847625732,0
H095,Haze,AFLB2,0.4884076118469238,0.493771106004715,0
H095,Haze,AFLB3,0.4961512684822083,0.4965981245040894,0
H096,Haze,AFLB1,0.4930396378040314,0.5088876485824585,0
H096,Haze,AFLB2,0.4901712238788605,0.4947008192539215,0
H096,Haze,AFLB3,0.4967701733112335,0.4971062242984772,0
H097,Haze,AFLB1,0.494036078453064,0.5074867606163025,0
H097,Haze,AFLB2,0.4916799664497375,0.4955495297908783,0
H097,Haze,AFLB3,0.4972364604473114,0.4975623190402985,0
H098,Haze,AFLB1,0.4935571551322937,0.5080810785293579,0
H098,Haze,AFLB2,0.4908621311187744,0.4952128827571869,0
H098,Haze,AFLB3,0.4969009459018707,0.497341126203537,0
H099,Haze,AFLB1,0.4932838678359985,0.5083666443824768,0
H099,Haze,AFLB2,0.4904036819934845,0.4954222738742828,0
H099,Haze,AFLB3,0.4962253272533417,0.4972041845321655,0
H100,Haze,AFLB1,0.4949280023574829,0.5062249302864075,0
H100,Haze,AFLB2,0.4930011630058289,0.4964136183261871,0
H100,Haze,AFLB3,0.4975363314151764,0.4979733526706696,0
N001,Noise,AFLB1,0.4963263273239136,0.5046424269676208,0
N001,Noise,AFLB2,0.4951373934745789,0.4975793063640594,0
N001,Noise,AFLB3,0.4981971681118011,0.4985316097736359,0
N002,Noise,AFLB1,0.4936581254005432,0.5082215666770935,0
N002,Noise,AFLB2,0.4911653995513916,0.4948370456695557,0
N002,Noise,AFLB3,0.4973454773426056,0.4973325729370117,0
N003,Noise,AFLB1,0.4960011839866638,0.5045304894447327,0
N003,Noise,AFLB2,0.4945308566093445,0.498574286699295,0
N003,Noise,AFLB3,0.4969691038131714,0.4985570311546326,0
N004,Noise,AFLB1,0.4967496395111084,0.503862738609314,0
N004,Noise,AFLB2,0.4955503642559052,0.4984405040740967,0
N004,Noise,AFLB3,0.4979018867015839,0.4987885653972626,0
N005,Noise,AFLB1,0.4922282993793488,0.5104316473007202,0
N005,Noise,AFLB2,0.4885939657688141,0.4932521879673004,0
N005,Noise,AFLB3,0.4967544078826904,0.4966209828853607,0
N006,Noise,AFLB1,0.4935013055801392,0.5078505277633667,0
N006,Noise,AFLB2,0.4908537566661835,0.4961228668689728,0
N006,Noise,AFLB3,0.4959333837032318,0.4973424673080444,0
N007,Noise,AFLB1,0.4966722726821899,0.5042704939842224,0
N007,Noise,AFLB2,0.4956845939159393,0.497468113899231,0
N007,Noise,AFLB3,0.4987480938434601,0.4986583292484283,0
N008,Noise,AFLB1,0.4970968067646027,0.5036607980728149,0
N008,Noise,AFLB2,0.4963756799697876,0.4981685280799866,0
N008,Noise,AFLB3,0.498672217130661,0.4988585710525513,0
N009,Noise,AFLB1,0.4972489774227142,0.5034734606742859,0
N009,Noise,AFLB2,0.4963762760162354,0.4977689981460571,0
N009,Noise,AFLB3,0.499053418636322,0.4988943934440613,0
N010,Noise,AFLB1,0.4959080517292023,0.5052187442779541,0
N010,Noise,AFLB2,0.494431734085083,0.4968962967395782,0
N010,Noise,AFLB3,0.4983087480068207,0.498354971408844,0
N011,Noise,AFLB1,0.4959785938262939,0.5049583315849304,0
N011,Noise,AFLB2,0.4942077994346619,0.4972793161869049,0
N011,Noise,AFLB3,0.4978303015232086,0.4983976185321808,0
N012,Noise,AFLB1,0.4953559935092926,0.5064119100570679,0
N012,Noise,AFLB2,0.4934934079647064,0.4946805536746979,0
N012,Noise,AFLB3,0.4993970394134521,0.4979262948036194,0
N013,Noise,AFLB1,0.495057225227356,0.506242036819458,0
N013,Noise,AFLB2,0.4930850863456726,0.4961575865745544,0
N013,Noise,AFLB3,0.4978258311748505,0.4979851841926575,0
N014,Noise,AFLB1,0.4968896210193634,0.503453254699707,0
N014,Noise,AFLB2,0.4956548810005188,0.4991164207458496,0
N014,Noise,AFLB3,0.497471421957016,0.4989273846149445,0
N015,Noise,AFLB1,0.4960018694400787,0.5052469968795776,0
N015,Noise,AFLB2,0.4946318566799164,0.4965305626392365,0
N015,Noise,AFLB3,0.4987398087978363,0.4983394742012024,0
N016,Noise,AFLB1,0.495795726776123,0.5052683353424072,0
N016,Noise,AFLB2,0.4945140480995178,0.4971440732479095,0
N016,Noise,AFLB3,0.4980801343917847,0.4983432590961456,0
N017,Noise,AFLB1,0.4977822303771973,0.5022766590118408,0
N017,Noise,AFLB2,0.496843010187149,0.5000261664390564,0
N017,Noise,AFLB3,0.4976864159107208,0.4993458092212677,0
N018,Noise,AFLB1,0.4972982704639435,0.5025838613510132,0
N018,Noise,AFLB2,0.4954449236392975,0.4995459318161011,0
N018,Noise,AFLB3,0.4969967901706696,0.4991624057292938,0
N019,Noise,AFLB1,0.4948758482933044,0.5068846344947815,0
N019,Noise,AFLB2,0.4928227365016937,0.4949215948581696,0
N019,Noise,AFLB3,0.4986745715141296,0.4977967441082001,0
N020,Noise,AFLB1,0.4973207712173462,0.5024074912071228,0
N020,Noise,AFLB2,0.496103972196579,0.5017852783203125,0
N020,Noise,AFLB3,0.4956387877464294,0.4992820918560028,0
N021,Noise,AFLB1,0.4952574968338013,0.5062404870986938,0
N021,Noise,AFLB2,0.4938352704048157,0.4963756799697876,0
N021,Noise,AFLB3,0.4982048571109772,0.4980544149875641,0
N022,Noise,AFLB1,0.4952034652233124,0.5067592263221741,0
N022,Noise,AFLB2,0.4936989545822144,0.494403064250946,0
N022,Noise,AFLB3,0.4996477365493774,0.497846394777298,0
N023,Noise,AFLB1,0.4935210347175598,0.5085103511810303,0
N023,Noise,AFLB2,0.4909000396728516,0.4947211146354675,0
N023,Noise,AFLB3,0.4973165392875671,0.4972672462463379,0
N024,Noise,AFLB1,0.4960199594497681,0.5055362582206726,0
N024,Noise,AFLB2,0.4946906566619873,0.4961437582969666,0
N024,Noise,AFLB3,0.4990977942943573,0.4982462227344513,0
N025,Noise,AFLB1,0.4957999587059021,0.5058320164680481,0
N025,Noise,AFLB2,0.4946197867393494,0.4957270622253418,0
N025,Noise,AFLB3,0.4992970526218414,0.4981436729431152,0
N026,Noise,AFLB1,0.4954128563404083,0.5059717893600464,0
N026,Noise,AFLB2,0.4939740598201752,0.4962139427661896,0
N026,Noise,AFLB3,0.4983880817890167,0.4981024563312531,0
N027,Noise,AFLB1,0.4960611164569855,0.505413830280304,0
N027,Noise,AFLB2,0.4951263070106506,0.4961376488208771,0
N027,Noise,AFLB3,0.4993088245391846,0.498290091753006,0
N028,Noise,AFLB1,0.4960614740848541,0.5050679445266724,0
N028,Noise,AFLB2,0.4941153526306152,0.4973118305206299,0
N028,Noise,AFLB3,0.4979088008403778,0.4984123110771179,0
N029,Noise,AFLB1,0.4964787364006042,0.5038835406303406,0
N029,Noise,AFLB2,0.4947236776351929,0.498889297246933,0
N029,Noise,AFLB3,0.4970055520534515,0.4987337589263916,0
N030,Noise,AFLB1,0.4944534301757812,0.5078198313713074,0
N030,Noise,AFLB2,0.4926938712596893,0.4943650662899017,0
N030,Noise,AFLB3,0.4989127814769745,0.4975725114345551,0
N031,Noise,AFLB1,0.4953309595584869,0.5064778923988342,0
N031,Noise,AFLB2,0.4936745166778564,0.4950102567672729,0
N031,Noise,AFLB3,0.4992153346538544,0.4979208409786224,0
N032,Noise,AFLB1,0.4952577948570251,0.5063557028770447,0
N032,Noise,AFLB2,0.4936555027961731,0.495784193277359,0
N032,Noise,AFLB3,0.4985560178756714,0.4979932010173798,0
N033,Noise,AFLB1,0.4950471818447113,0.5061782002449036,0
N033,Noise,AFLB2,0.4931720495223999,0.496922492980957,0
N033,Noise,AFLB3,0.4972402453422546,0.4980208873748779,0
N034,Noise,AFLB1,0.493836373090744,0.5085466504096985,0
N034,Noise,AFLB2,0.4914228022098541,0.4935226738452911,0
N034,Noise,AFLB3,0.4986169636249542,0.4972700178623199,0
N035,Noise,AFLB1,0.496805340051651,0.5039433836936951,0
N035,Noise,AFLB2,0.49570432305336,0.4981142282485962,0
N035,Noise,AFLB3,0.4982867836952209,0.4987695813179016,0
N036,Noise,AFLB1,0.4942736625671387,0.5076912045478821,0
N036,Noise,AFLB2,0.4920370578765869,0.4947639405727386,0
N036,Noise,AFLB3,0.4981746673583984,0.4975554645061493,0
N037,Noise,AFLB1,0.4946606755256653,0.5068695545196533,0
N037,Noise,AFLB2,0.4926334619522095,0.4955299198627472,0
N037,Noise,AFLB3,0.4979044795036316,0.4977689981460571,0
N038,Noise,AFLB1,0.4965212941169739,0.5044576525688171,0
N038,Noise,AFLB2,0.4956701099872589,0.4976882934570312,0
N038,Noise,AFLB3,0.4984822571277618,0.4985984563827515,0
N039,Noise,AFLB1,0.4958870708942413,0.5052284002304077,0
N039,Noise,AFLB2,0.4945220947265625,0.4972576200962067,0
N039,Noise,AFLB3,0.4980263113975525,0.4983392357826233,0
N040,Noise,AFLB1,0.4950977861881256,0.5061115026473999,0
N040,Noise,AFLB2,0.4932413101196289,0.4964653253555298,0
N040,Noise,AFLB3,0.4975850880146027,0.498016744852066,0
N041,Noise,AFLB1,0.4959651529788971,0.5054628849029541,0
N041,Noise,AFLB2,0.49466672539711,0.4958583414554596,0
N041,Noise,AFLB3,0.4992431998252869,0.4982411861419678,0
N042,Noise,AFLB1,0.4957700669765472,0.5052230358123779,0
N042,Noise,AFLB2,0.4944003820419312,0.4971657395362854,0
N042,Noise,AFLB3,0.497920036315918,0.4983323514461517,0
N043,Noise,AFLB1,0.4959513247013092,0.5053810477256775,0
N043,Noise,AFLB2,0.4946262538433075,0.4960330724716187,0
N043,Noise,AFLB3,0.4990715384483337,0.498264878988266,0
N044,Noise,AFLB1,0.4953575134277344,0.505275547504425,0
N044,Noise,AFLB2,0.4934056103229523,0.4976718723773956,0
N044,Noise,AFLB3,0.4967336356639862,0.498218834400177,0
N045,Noise,AFLB1,0.4956744611263275,0.5052258372306824,0
N045,Noise,AFLB2,0.4939762651920319,0.4973075687885284,0
N045,Noise,AFLB3,0.4975998401641846,0.4983132481575012,0
N046,Noise,AFLB1,0.4945115447044373,0.5075584053993225,0
N046,Noise,AFLB2,0.4922567307949066,0.4943817853927612,0
N046,Noise,AFLB3,0.4987050592899323,0.4975879192352295,0
N047,Noise,AFLB1,0.4950211644172668,0.506659209728241,0
N047,Noise,AFLB2,0.4931050837039948,0.4951649904251099,0
N047,Noise,AFLB3,0.498661994934082,0.4978741705417633,0
N048,Noise,AFLB1,0.4947308003902435,0.5067789554595947,0
N048,Noise,AFLB2,0.4926319718360901,0.4956656694412231,0
N048,Noise,AFLB3,0.497906893491745,0.4978313744068146,0
N049,Noise,AFLB1,0.4956060349941254,0.5049656629562378,0
N049,Noise,AFLB2,0.4941849708557129,0.4986670017242432,0
N049,Noise,AFLB3,0.4964160919189453,0.4983784258365631,0
N050,Noise,AFLB1,0.4939700961112976,0.5074051022529602,0
N050,Noise,AFLB2,0.4915995299816132,0.4963898956775665,0
N050,Noise,AFLB3,0.4963103532791138,0.4975531697273254,0
N051,Noise,AFLB1,0.4950517416000366,0.5066628456115723,0
N051,Noise,AFLB2,0.4935339391231537,0.495735377073288,0
N051,Noise,AFLB3,0.4984849989414215,0.497917115688324,0
N052,Noise,AFLB1,0.4928456842899323,0.5091080665588379,0
N052,Noise,AFLB2,0.4899275302886963,0.4946771264076233,0
N052,Noise,AFLB3,0.4964306652545929,0.4969881772994995,0
N053,Noise,AFLB1,0.4926356077194214,0.5102301836013794,0
N053,Noise,AFLB2,0.4897596836090088,0.4931801557540894,0
N053,Noise,AFLB3,0.4977782070636749,0.4968338906764984,0
N054,Noise,AFLB1,0.4934869408607483,0.5091553330421448,0
N054,Noise,AFLB2,0.4907799959182739,0.4929359257221222,0
N054,Noise,AFLB3,0.4987758696079254,0.4971193671226501,0
N055,Noise,AFLB1,0.4963932931423187,0.5045587420463562,0
N055,Noise,AFLB2,0.4952932894229889,0.4971660971641541,0
N055,Noise,AFLB3,0.4986502230167389,0.4985578656196594,0
N056,Noise,AFLB1,0.4935693442821503,0.5088852047920227,0
N056,Noise,AFLB2,0.4915320575237274,0.4943569004535675,0
N056,Noise,AFLB3,0.4979777336120605,0.4972546994686127,0
N057,Noise,AFLB1,0.4964669942855835,0.5044098496437073,0
N057,Noise,AFLB2,0.4951228499412537,0.4972539246082306,0
N057,Noise,AFLB3,0.4985518753528595,0.4985867142677307,0
N058,Noise,AFLB1,0.4947372674942017,0.5066174864768982,0
N058,Noise,AFLB2,0.4927126467227936,0.4963350296020508,0
N058,Noise,AFLB3,0.4973763227462769,0.4978667199611664,0
N059,Noise,AFLB1,0.4959228336811066,0.5052292943000793,0
N059,Noise,AFLB2,0.4944313764572144,0.4966735243797302,0
N059,Noise,AFLB3,0.4984075129032135,0.4983276724815369,0
N060,Noise,AFLB1,0.495428204536438,0.506109356880188,0
N060,Noise,AFLB2,0.4939314723014832,0.4959469735622406,0
N060,Noise,AFLB3,0.4986264407634735,0.4980694353580475,0
N061,Noise,AFLB1,0.4972752630710602,0.502982497215271,0
N061,Noise,AFLB2,0.4961370527744293,0.499885767698288,0
N061,Noise,AFLB3,0.4972371757030487,0.4991053938865662,0
N062,Noise,AFLB1,0.4972436726093292,0.5035600662231445,0
N062,Noise,AFLB2,0.49632728099823,0.4972905814647675,0
N062,Noise,AFLB3,0.499410480260849,0.4988545775413513,0
N063,Noise,AFLB1,0.4958483576774597,0.5055755972862244,0
N063,Noise,AFLB2,0.4946271181106567,0.4964479506015778,0
N063,Noise,AFLB3,0.4987266361713409,0.4982452094554901,0
N064,Noise,AFLB1,0.495227724313736,0.5063039660453796,0
N064,Noise,AFLB2,0.4933890104293823,0.4955916404724121,0
N064,Noise,AFLB3,0.4985780715942383,0.4979816079139709,0
N065,Noise,AFLB1,0.4972894191741943,0.5032303929328918,0
N065,Noise,AFLB2,0.4963033199310303,0.4987726509571075,0
N065,Noise,AFLB3,0.4982747435569763,0.4990079402923584,0
N066,Noise,AFLB1,0.4954610168933868,0.5055100321769714,0
N066,Noise,AFLB2,0.4934901297092438,0.4970740079879761,0
N066,Noise,AFLB3,0.4974087774753571,0.4982014298439026,0
N067,Noise,AFLB1,0.4950045347213745,0.5066078901290894,0
N067,Noise,AFLB2,0.4932642579078674,0.4957047998905182,0
N067,Noise,AFLB3,0.4983333051204681,0.4978904724121094,0
N068,Noise,AFLB1,0.494983434677124,0.5059893131256104,0
N068,Noise,AFLB2,0.4932514429092407,0.4971758723258972,0
N068,Noise,AFLB3,0.4969951510429382,0.4980519413948059,0
N069,Noise,AFLB1,0.4963447749614716,0.5046178698539734,0
N069,Noise,AFLB2,0.4951641857624054,0.4975920021533966,0
N069,Noise,AFLB3,0.498200535774231,0.4985381364822388,0
N070,Noise,AFLB1,0.4935967624187469,0.5083140134811401,0
N070,Noise,AFLB2,0.4911108911037445,0.494809478521347,0
N070,Noise,AFLB3,0.4973207712173462,0.4973108768463135,0
N071,Noise,AFLB1,0.4959971904754639,0.5045270919799805,0
N071,Noise,AFLB2,0.494524359703064,0.4985845983028412,0
N071,Noise,AFLB3,0.4969526827335358,0.4985557794570923,0
N072,Noise,AFLB1,0.496746152639389,0.5038672685623169,0
N072,Noise,AFLB2,0.49554842710495,0.4984392523765564,0
N072,Noise,AFLB3,0.4979023039340973,0.4987912178039551,0
N073,Noise,AFLB1,0.4921951591968536,0.5104737281799316,0
N073,Noise,AFLB2,0.4885013699531555,0.493197113275528,0
N073,Noise,AFLB3,0.4967308640480042,0.4965935349464417,0
N074,Noise,AFLB1,0.4934961795806885,0.5078424215316772,0
N074,Noise,AFLB2,0.490805596113205,0.4961318969726562,0
N074,Noise,AFLB3,0.4958873093128204,0.4973329901695251,0
N075,Noise,AFLB1,0.4966624081134796,0.5042765736579895,0
N075,Noise,AFLB2,0.4957003891468048,0.4974848926067352,0
N075,Noise,AFLB3,0.498745858669281,0.498661994934082,0
N076,Noise,AFLB1,0.4971183240413666,0.5036352276802063,0
N076,Noise,AFLB2,0.4963966012001038,0.4981836080551147,0
N076,Noise,AFLB3,0.4986746907234192,0.4988653361797333,0
N077,Noise,AFLB1,0.4972618818283081,0.5034598708152771,0
N077,Noise,AFLB2,0.4964073300361633,0.4977974593639374,0
N077,Noise,AFLB3,0.4990589618682861,0.4989069700241089,0
N078,Noise,AFLB1,0.4959113895893097,0.5052168965339661,0
N078,Noise,AFLB2,0.4944303333759308,0.4968916177749634,0
N078,Noise,AFLB3,0.4983105063438416,0.4983535706996918,0
N079,Noise,AFLB1,0.496014267206192,0.5049084424972534,0
N079,Noise,AFLB2,0.4942504167556763,0.4973032176494598,0
N079,Noise,AFLB3,0.4978446066379547,0.4984093308448792,0
N080,Noise,AFLB1,0.4953505992889404,0.5064275860786438,0
N080,Noise,AFLB2,0.4935013055801392,0.4946902990341187,0
N080,Noise,AFLB3,0.4993952810764313,0.4979307353496552,0
N081,Noise,AFLB1,0.4950692653656006,0.5062217712402344,0
N081,Noise,AFLB2,0.4930718541145325,0.4961377680301666,0
N081,Noise,AFLB3,0.4978278279304504,0.4979857504367828,0
N082,Noise,AFLB1,0.4969164133071899,0.5034094452857971,0
N082,Noise,AFLB2,0.4956615567207336,0.4991220831871033,0
N082,Noise,AFLB3,0.4974743723869324,0.4989292919635773,0
N083,Noise,AFLB1,0.496006578207016,0.5052376389503479,0
N083,Noise,AFLB2,0.4946487545967102,0.4965402781963348,0
N083,Noise,AFLB3,0.4987444877624512,0.4983422458171844,0
N084,Noise,AFLB1,0.49578857421875,0.5052790641784668,0
N084,Noise,AFLB2,0.4945171475410461,0.497142881155014,0
N084,Noise,AFLB3,0.4980789721012115,0.4983446598052979,0
N085,Noise,AFLB1,0.4975927770137787,0.5025415420532227,0
N085,Noise,AFLB2,0.496555507183075,0.4997394382953644,0
N085,Noise,AFLB3,0.4976659119129181,0.4992467164993286,0
N086,Noise,AFLB1,0.4971629083156586,0.5028011798858643,0
N086,Noise,AFLB2,0.4953281581401825,0.4993915855884552,0
N086,Noise,AFLB3,0.497020810842514,0.4991011023521423,0
N087,Noise,AFLB1,0.4948738217353821,0.5068549513816833,0
N087,Noise,AFLB2,0.4928024113178253,0.4950097799301147,0
N087,Noise,AFLB3,0.498594731092453,0.4978005290031433,0
N088,Noise,AFLB1,0.4971355199813843,0.502692699432373,0
N088,Noise,AFLB2,0.4958650171756744,0.501391589641571,0
N088,Noise,AFLB3,0.495754599571228,0.4991796314716339,0
N089,Noise,AFLB1,0.4952581822872162,0.5062198638916016,0
N089,Noise,AFLB2,0.4937730729579926,0.4963958263397217,0
N089,Noise,AFLB3,0.4981496036052704,0.4980535209178925,0
N090,Noise,AFLB1,0.4951928853988647,0.5067114233970642,0
N090,Noise,AFLB2,0.4936383068561554,0.494565486907959,0
N090,Noise,AFLB3,0.499489426612854,0.4978643357753754,0
N091,Noise,AFLB1,0.493612676858902,0.5083543658256531,0
N091,Noise,AFLB2,0.4909773468971252,0.4947609603404999,0
N091,Noise,AFLB3,0.4973298609256744,0.4972983002662659,0
N092,Noise,AFLB1,0.4959315061569214,0.5056173205375671,0
N092,Noise,AFLB2,0.4945186674594879,0.4961090087890625,0
N092,Noise,AFLB3,0.4989796280860901,0.4982244968414307,0
N093,Noise,AFLB1,0.4957768619060516,0.5058137774467468,0
N093,Noise,AFLB2,0.4945220947265625,0.4957877695560455,0
N093,Noise,AFLB3,0.4991843998432159,0.4981501400470734,0
N094,Noise,AFLB1,0.4953987002372742,0.505964994430542,0
N094,Noise,AFLB2,0.4939219355583191,0.496240496635437,0
N094,Noise,AFLB3,0.4983365535736084,0.4981048703193665,0
N095,Noise,AFLB1,0.4960146546363831,0.5054425597190857,0
N095,Noise,AFLB2,0.4950219392776489,0.4961875379085541,0
N095,Noise,AFLB3,0.4992031753063202,0.4982929229736328,0
N096,Noise,AFLB1,0.4959527850151062,0.5051982402801514,0
N096,Noise,AFLB2,0.4940076768398285,0.4972064793109894,0
N096,Noise,AFLB3,0.4978889226913452,0.4983662366867065,0
N097,Noise,AFLB1,0.496360570192337,0.5040638446807861,0
N097,Noise,AFLB2,0.4945674538612366,0.4986973404884338,0
N097,Noise,AFLB3,0.4970431327819824,0.4986723363399506,0
N098,Noise,AFLB1,0.4944939315319061,0.5077263116836548,0
N098,Noise,AFLB2,0.4926995635032654,0.4944680035114288,0
N098,Noise,AFLB3,0.4988577365875244,0.4975822567939758,0
N099,Noise,AFLB1,0.4953277409076691,0.5064364075660706,0
N099,Noise,AFLB2,0.4936179220676422,0.4950831532478333,0
N099,Noise,AFLB3,0.4991275370121002,0.4979205429553986,0
N100,Noise,AFLB1,0.4952656924724579,0.5063263177871704,0
N100,Noise,AFLB2,0.4936236143112183,0.4958099126815796,0
N100,Noise,AFLB3,0.4985208809375763,0.4979891777038574,0
