Image_ID,Degradation,AFLB,pt_path
R001,Rain,AFLB1,intermediates/rain/R001/aflb1.pt
R001,Rain,AFLB2,intermediates/rain/R001/aflb2.pt
R001,Rain,AFLB3,intermediates/rain/R001/aflb3.pt
R002,Rain,AFLB1,intermediates/rain/R002/aflb1.pt
R002,Rain,AFLB2,intermediates/rain/R002/aflb2.pt
R002,Rain,AFLB3,intermediates/rain/R002/aflb3.pt
R003,Rain,AFLB1,intermediates/rain/R003/aflb1.pt
R003,Rain,AFLB2,intermediates/rain/R003/aflb2.pt
R003,Rain,AFLB3,intermediates/rain/R003/aflb3.pt
R004,Rain,AFLB1,intermediates/rain/R004/aflb1.pt
R004,Rain,AFLB2,intermediates/rain/R004/aflb2.pt
R004,Rain,AFLB3,intermediates/rain/R004/aflb3.pt
R005,Rain,AFLB1,intermediates/rain/R005/aflb1.pt
R005,Rain,AFLB2,intermediates/rain/R005/aflb2.pt
R005,Rain,AFLB3,intermediates/rain/R005/aflb3.pt
R006,Rain,AFLB1,intermediates/rain/R006/aflb1.pt
R006,Rain,AFLB2,intermediates/rain/R006/aflb2.pt
R006,Rain,AFLB3,intermediates/rain/R006/aflb3.pt
R007,Rain,AFLB1,intermediates/rain/R007/aflb1.pt
R007,Rain,AFLB2,intermediates/rain/R007/aflb2.pt
R007,Rain,AFLB3,intermediates/rain/R007/aflb3.pt
R008,Rain,AFLB1,intermediates/rain/R008/aflb1.pt
R008,Rain,AFLB2,intermediates/rain/R008/aflb2.pt
R008,Rain,AFLB3,intermediates/rain/R008/aflb3.pt
R009,Rain,AFLB1,intermediates/rain/R009/aflb1.pt
R009,Rain,AFLB2,intermediates/rain/R009/aflb2.pt
R009,Rain,AFLB3,intermediates/rain/R009/aflb3.pt
R010,Rain,AFLB1,intermediates/rain/R010/aflb1.pt
R010,Rain,AFLB2,intermediates/rain/R010/aflb2.pt
R010,Rain,AFLB3,intermediates/rain/R010/aflb3.pt
R011,Rain,AFLB1,intermediates/rain/R011/aflb1.pt
R011,Rain,AFLB2,intermediates/rain/R011/aflb2.pt
R011,Rain,AFLB3,intermediates/rain/R011/aflb3.pt
R012,Rain,AFLB1,intermediates/rain/R012/aflb1.pt
R012,Rain,AFLB2,intermediates/rain/R012/aflb2.pt
R012,Rain,AFLB3,intermediates/rain/R012/aflb3.pt
R013,Rain,AFLB1,intermediates/rain/R013/aflb1.pt
R013,Rain,AFLB2,intermediates/rain/R013/aflb2.pt
R013,Rain,AFLB3,intermediates/rain/R013/aflb3.pt
R014,Rain,AFLB1,intermediates/rain/R014/aflb1.pt
R014,Rain,AFLB2,intermediates/rain/R014/aflb2.pt
R014,Rain,AFLB3,intermediates/rain/R014/aflb3.pt
R015,Rain,AFLB1,intermediates/rain/R015/aflb1.pt
R015,Rain,AFLB2,intermediates/rain/R015/aflb2.pt
R015,Rain,AFLB3,intermediates/rain/R015/aflb3.pt
R016,Rain,AFLB1,intermediates/rain/R016/aflb1.pt
R016,Rain,AFLB2,intermediates/rain/R016/aflb2.pt
R016,Rain,AFLB3,intermediates/rain/R016/aflb3.pt
R017,Rain,AFLB1,intermediates/rain/R017/aflb1.pt
R017,Rain,AFLB2,intermediates/rain/R017/aflb2.pt
R017,Rain,AFLB3,intermediates/rain/R017/aflb3.pt
R018,Rain,AFLB1,intermediates/rain/R018/aflb1.pt
R018,Rain,AFLB2,intermediates/rain/R018/aflb2.pt
R018,Rain,AFLB3,intermediates/rain/R018/aflb3.pt
R019,Rain,AFLB1,intermediates/rain/R019/aflb1.pt
R019,Rain,AFLB2,intermediates/rain/R019/aflb2.pt
R019,Rain,AFLB3,intermediates/rain/R019/aflb3.pt
R020,Rain,AFLB1,intermediates/rain/R020/aflb1.pt
R020,Rain,AFLB2,intermediates/rain/R020/aflb2.pt
R020,Rain,AFLB3,intermediates/rain/R020/aflb3.pt
R021,Rain,AFLB1,intermediates/rain/R021/aflb1.pt
R021,Rain,AFLB2,intermediates/rain/R021/aflb2.pt
R021,Rain,AFLB3,intermediates/rain/R021/aflb3.pt
R022,Rain,AFLB1,intermediates/rain/R022/aflb1.pt
R022,Rain,AFLB2,intermediates/rain/R022/aflb2.pt
R022,Rain,AFLB3,intermediates/rain/R022/aflb3.pt
R023,Rain,AFLB1,intermediates/rain/R023/aflb1.pt
R023,Rain,AFLB2,intermediates/rain/R023/aflb2.pt
R023,Rain,AFLB3,intermediates/rain/R023/aflb3.pt
R024,Rain,AFLB1,intermediates/rain/R024/aflb1.pt
R024,Rain,AFLB2,intermediates/rain/R024/aflb2.pt
R024,Rain,AFLB3,intermediates/rain/R024/aflb3.pt
R025,Rain,AFLB1,intermediates/rain/R025/aflb1.pt
R025,Rain,AFLB2,intermediates/rain/R025/aflb2.pt
R025,Rain,AFLB3,intermediates/rain/R025/aflb3.pt
R026,Rain,AFLB1,intermediates/rain/R026/aflb1.pt
R026,Rain,AFLB2,intermediates/rain/R026/aflb2.pt
R026,Rain,AFLB3,intermediates/rain/R026/aflb3.pt
R027,Rain,AFLB1,intermediates/rain/R027/aflb1.pt
R027,Rain,AFLB2,intermediates/rain/R027/aflb2.pt
R027,Rain,AFLB3,intermediates/rain/R027/aflb3.pt
R028,Rain,AFLB1,intermediates/rain/R028/aflb1.pt
R028,Rain,AFLB2,intermediates/rain/R028/aflb2.pt
R028,Rain,AFLB3,intermediates/rain/R028/aflb3.pt
R029,Rain,AFLB1,intermediates/rain/R029/aflb1.pt
R029,Rain,AFLB2,intermediates/rain/R029/aflb2.pt
R029,Rain,AFLB3,intermediates/rain/R029/aflb3.pt
R030,Rain,AFLB1,intermediates/rain/R030/aflb1.pt
R030,Rain,AFLB2,intermediates/rain/R030/aflb2.pt
R030,Rain,AFLB3,intermediates/rain/R030/aflb3.pt
R031,Rain,AFLB1,intermediates/rain/R031/aflb1.pt
R031,Rain,AFLB2,intermediates/rain/R031/aflb2.pt
R031,Rain,AFLB3,intermediates/rain/R031/aflb3.pt
R032,Rain,AFLB1,intermediates/rain/R032/aflb1.pt
R032,Rain,AFLB2,intermediates/rain/R032/aflb2.pt
R032,Rain,AFLB3,intermediates/rain/R032/aflb3.pt
R033,Rain,AFLB1,intermediates/rain/R033/aflb1.pt
R033,Rain,AFLB2,intermediates/rain/R033/aflb2.pt
R033,Rain,AFLB3,intermediates/rain/R033/aflb3.pt
R034,Rain,AFLB1,intermediates/rain/R034/aflb1.pt
R034,Rain,AFLB2,intermediates/rain/R034/aflb2.pt
R034,Rain,AFLB3,intermediates/rain/R034/aflb3.pt
R035,Rain,AFLB1,intermediates/rain/R035/aflb1.pt
R035,Rain,AFLB2,intermediates/rain/R035/aflb2.pt
R035,Rain,AFLB3,intermediates/rain/R035/aflb3.pt
R036,Rain,AFLB1,intermediates/rain/R036/aflb1.pt
R036,Rain,AFLB2,intermediates/rain/R036/aflb2.pt
R036,Rain,AFLB3,intermediates/rain/R036/aflb3.pt
R037,Rain,AFLB1,intermediates/rain/R037/aflb1.pt
R037,Rain,AFLB2,intermediates/rain/R037/aflb2.pt
R037,Rain,AFLB3,intermediates/rain/R037/aflb3.pt
R038,Rain,AFLB1,intermediates/rain/R038/aflb1.pt
R038,Rain,AFLB2,intermediates/rain/R038/aflb2.pt
R038,Rain,AFLB3,intermediates/rain/R038/aflb3.pt
R039,Rain,AFLB1,intermediates/rain/R039/aflb1.pt
R039,Rain,AFLB2,intermediates/rain/R039/aflb2.pt
R039,Rain,AFLB3,intermediates/rain/R039/aflb3.pt
R040,Rain,AFLB1,intermediates/rain/R040/aflb1.pt
R040,Rain,AFLB2,intermediates/rain/R040/aflb2.pt
R040,Rain,AFLB3,intermediates/rain/R040/aflb3.pt
R041,Rain,AFLB1,intermediates/rain/R041/aflb1.pt
R041,Rain,AFLB2,intermediates/rain/R041/aflb2.pt
R041,Rain,AFLB3,intermediates/rain/R041/aflb3.pt
R042,Rain,AFLB1,intermediates/rain/R042/aflb1.pt
R042,Rain,AFLB2,intermediates/rain/R042/aflb2.pt
R042,Rain,AFLB3,intermediates/rain/R042/aflb3.pt
R043,Rain,AFLB1,intermediates/rain/R043/aflb1.pt
R043,Rain,AFLB2,intermediates/rain/R043/aflb2.pt
R043,Rain,AFLB3,intermediates/rain/R043/aflb3.pt
R044,Rain,AFLB1,intermediates/rain/R044/aflb1.pt
R044,Rain,AFLB2,intermediates/rain/R044/aflb2.pt
R044,Rain,AFLB3,intermediates/rain/R044/aflb3.pt
R045,Rain,AFLB1,intermediates/rain/R045/aflb1.pt
R045,Rain,AFLB2,intermediates/rain/R045/aflb2.pt
R045,Rain,AFLB3,intermediates/rain/R045/aflb3.pt
R046,Rain,AFLB1,intermediates/rain/R046/aflb1.pt
R046,Rain,AFLB2,intermediates/rain/R046/aflb2.pt
R046,Rain,AFLB3,intermediates/rain/R046/aflb3.pt
R047,Rain,AFLB1,intermediates/rain/R047/aflb1.pt
R047,Rain,AFLB2,intermediates/rain/R047/aflb2.pt
R047,Rain,AFLB3,intermediates/rain/R047/aflb3.pt
R048,Rain,AFLB1,intermediates/rain/R048/aflb1.pt
R048,Rain,AFLB2,intermediates/rain/R048/aflb2.pt
R048,Rain,AFLB3,intermediates/rain/R048/aflb3.pt
R049,Rain,AFLB1,intermediates/rain/R049/aflb1.pt
R049,Rain,AFLB2,intermediates/rain/R049/aflb2.pt
R049,Rain,AFLB3,intermediates/rain/R049/aflb3.pt
R050,Rain,AFLB1,intermediates/rain/R050/aflb1.pt
R050,Rain,AFLB2,intermediates/rain/R050/aflb2.pt
R050,Rain,AFLB3,intermediates/rain/R050/aflb3.pt
R051,Rain,AFLB1,intermediates/rain/R051/aflb1.pt
R051,Rain,AFLB2,intermediates/rain/R051/aflb2.pt
R051,Rain,AFLB3,intermediates/rain/R051/aflb3.pt
R052,Rain,AFLB1,intermediates/rain/R052/aflb1.pt
R052,Rain,AFLB2,intermediates/rain/R052/aflb2.pt
R052,Rain,AFLB3,intermediates/rain/R052/aflb3.pt
R053,Rain,AFLB1,intermediates/rain/R053/aflb1.pt
R053,Rain,AFLB2,intermediates/rain/R053/aflb2.pt
R053,Rain,AFLB3,intermediates/rain/R053/aflb3.pt
R054,Rain,AFLB1,intermediates/rain/R054/aflb1.pt
R054,Rain,AFLB2,intermediates/rain/R054/aflb2.pt
R054,Rain,AFLB3,intermediates/rain/R054/aflb3.pt
R055,Rain,AFLB1,intermediates/rain/R055/aflb1.pt
R055,Rain,AFLB2,intermediates/rain/R055/aflb2.pt
R055,Rain,AFLB3,intermediates/rain/R055/aflb3.pt
R056,Rain,AFLB1,intermediates/rain/R056/aflb1.pt
R056,Rain,AFLB2,intermediates/rain/R056/aflb2.pt
R056,Rain,AFLB3,intermediates/rain/R056/aflb3.pt
R057,Rain,AFLB1,intermediates/rain/R057/aflb1.pt
R057,Rain,AFLB2,intermediates/rain/R057/aflb2.pt
R057,Rain,AFLB3,intermediates/rain/R057/aflb3.pt
R058,Rain,AFLB1,intermediates/rain/R058/aflb1.pt
R058,Rain,AFLB2,intermediates/rain/R058/aflb2.pt
R058,Rain,AFLB3,intermediates/rain/R058/aflb3.pt
R059,Rain,AFLB1,intermediates/rain/R059/aflb1.pt
R059,Rain,AFLB2,intermediates/rain/R059/aflb2.pt
R059,Rain,AFLB3,intermediates/rain/R059/aflb3.pt
R060,Rain,AFLB1,intermediates/rain/R060/aflb1.pt
R060,Rain,AFLB2,intermediates/rain/R060/aflb2.pt
R060,Rain,AFLB3,intermediates/rain/R060/aflb3.pt
R061,Rain,AFLB1,intermediates/rain/R061/aflb1.pt
R061,Rain,AFLB2,intermediates/rain/R061/aflb2.pt
R061,Rain,AFLB3,intermediates/rain/R061/aflb3.pt
R062,Rain,AFLB1,intermediates/rain/R062/aflb1.pt
R062,Rain,AFLB2,intermediates/rain/R062/aflb2.pt
R062,Rain,AFLB3,intermediates/rain/R062/aflb3.pt
R063,Rain,AFLB1,intermediates/rain/R063/aflb1.pt
R063,Rain,AFLB2,intermediates/rain/R063/aflb2.pt
R063,Rain,AFLB3,intermediates/rain/R063/aflb3.pt
R064,Rain,AFLB1,intermediates/rain/R064/aflb1.pt
R064,Rain,AFLB2,intermediates/rain/R064/aflb2.pt
R064,Rain,AFLB3,intermediates/rain/R064/aflb3.pt
R065,Rain,AFLB1,intermediates/rain/R065/aflb1.pt
R065,Rain,AFLB2,intermediates/rain/R065/aflb2.pt
R065,Rain,AFLB3,intermediates/rain/R065/aflb3.pt
R066,Rain,AFLB1,intermediates/rain/R066/aflb1.pt
R066,Rain,AFLB2,intermediates/rain/R066/aflb2.pt
R066,Rain,AFLB3,intermediates/rain/R066/aflb3.pt
R067,Rain,AFLB1,intermediates/rain/R067/aflb1.pt
R067,Rain,AFLB2,intermediates/rain/R067/aflb2.pt
R067,Rain,AFLB3,intermediates/rain/R067/aflb3.pt
R068,Rain,AFLB1,intermediates/rain/R068/aflb1.pt
R068,Rain,AFLB2,intermediates/rain/R068/aflb2.pt
R068,Rain,AFLB3,intermediates/rain/R068/aflb3.pt
R069,Rain,AFLB1,intermediates/rain/R069/aflb1.pt
R069,Rain,AFLB2,intermediates/rain/R069/aflb2.pt
R069,Rain,AFLB3,intermediates/rain/R069/aflb3.pt
R070,Rain,AFLB1,intermediates/rain/R070/aflb1.pt
R070,Rain,AFLB2,intermediates/rain/R070/aflb2.pt
R070,Rain,AFLB3,intermediates/rain/R070/aflb3.pt
R071,Rain,AFLB1,intermediates/rain/R071/aflb1.pt
R071,Rain,AFLB2,intermediates/rain/R071/aflb2.pt
R071,Rain,AFLB3,intermediates/rain/R071/aflb3.pt
R072,Rain,AFLB1,intermediates/rain/R072/aflb1.pt
R072,Rain,AFLB2,intermediates/rain/R072/aflb2.pt
R072,Rain,AFLB3,intermediates/rain/R072/aflb3.pt
R073,Rain,AFLB1,intermediates/rain/R073/aflb1.pt
R073,Rain,AFLB2,intermediates/rain/R073/aflb2.pt
R073,Rain,AFLB3,intermediates/rain/R073/aflb3.pt
R074,Rain,AFLB1,intermediates/rain/R074/aflb1.pt
R074,Rain,AFLB2,intermediates/rain/R074/aflb2.pt
R074,Rain,AFLB3,intermediates/rain/R074/aflb3.pt
R075,Rain,AFLB1,intermediates/rain/R075/aflb1.pt
R075,Rain,AFLB2,intermediates/rain/R075/aflb2.pt
R075,Rain,AFLB3,intermediates/rain/R075/aflb3.pt
R076,Rain,AFLB1,intermediates/rain/R076/aflb1.pt
R076,Rain,AFLB2,intermediates/rain/R076/aflb2.pt
R076,Rain,AFLB3,intermediates/rain/R076/aflb3.pt
R077,Rain,AFLB1,intermediates/rain/R077/aflb1.pt
R077,Rain,AFLB2,intermediates/rain/R077/aflb2.pt
R077,Rain,AFLB3,intermediates/rain/R077/aflb3.pt
R078,Rain,AFLB1,intermediates/rain/R078/aflb1.pt
R078,Rain,AFLB2,intermediates/rain/R078/aflb2.pt
R078,Rain,AFLB3,intermediates/rain/R078/aflb3.pt
R079,Rain,AFLB1,intermediates/rain/R079/aflb1.pt
R079,Rain,AFLB2,intermediates/rain/R079/aflb2.pt
R079,Rain,AFLB3,intermediates/rain/R079/aflb3.pt
R080,Rain,AFLB1,intermediates/rain/R080/aflb1.pt
R080,Rain,AFLB2,intermediates/rain/R080/aflb2.pt
R080,Rain,AFLB3,intermediates/rain/R080/aflb3.pt
R081,Rain,AFLB1,intermediates/rain/R081/aflb1.pt
R081,Rain,AFLB2,intermediates/rain/R081/aflb2.pt
R081,Rain,AFLB3,intermediates/rain/R081/aflb3.pt
R082,Rain,AFLB1,intermediates/rain/R082/aflb1.pt
R082,Rain,AFLB2,intermediates/rain/R082/aflb2.pt
R082,Rain,AFLB3,intermediates/rain/R082/aflb3.pt
R083,Rain,AFLB1,intermediates/rain/R083/aflb1.pt
R083,Rain,AFLB2,intermediates/rain/R083/aflb2.pt
R083,Rain,AFLB3,intermediates/rain/R083/aflb3.pt
R084,Rain,AFLB1,intermediates/rain/R084/aflb1.pt
R084,Rain,AFLB2,intermediates/rain/R084/aflb2.pt
R084,Rain,AFLB3,intermediates/rain/R084/aflb3.pt
R085,Rain,AFLB1,intermediates/rain/R085/aflb1.pt
R085,Rain,AFLB2,intermediates/rain/R085/aflb2.pt
R085,Rain,AFLB3,intermediates/rain/R085/aflb3.pt
R086,Rain,AFLB1,intermediates/rain/R086/aflb1.pt
R086,Rain,AFLB2,intermediates/rain/R086/aflb2.pt
R086,Rain,AFLB3,intermediates/rain/R086/aflb3.pt
R087,Rain,AFLB1,intermediates/rain/R087/aflb1.pt
R087,Rain,AFLB2,intermediates/rain/R087/aflb2.pt
R087,Rain,AFLB3,intermediates/rain/R087/aflb3.pt
R088,Rain,AFLB1,intermediates/rain/R088/aflb1.pt
R088,Rain,AFLB2,intermediates/rain/R088/aflb2.pt
R088,Rain,AFLB3,intermediates/rain/R088/aflb3.pt
R089,Rain,AFLB1,intermediates/rain/R089/aflb1.pt
R089,Rain,AFLB2,intermediates/rain/R089/aflb2.pt
R089,Rain,AFLB3,intermediates/rain/R089/aflb3.pt
R090,Rain,AFLB1,intermediates/rain/R090/aflb1.pt
R090,Rain,AFLB2,intermediates/rain/R090/aflb2.pt
R090,Rain,AFLB3,intermediates/rain/R090/aflb3.pt
R091,Rain,AFLB1,intermediates/rain/R091/aflb1.pt
R091,Rain,AFLB2,intermediates/rain/R091/aflb2.pt
R091,Rain,AFLB3,intermediates/rain/R091/aflb3.pt
R092,Rain,AFLB1,intermediates/rain/R092/aflb1.pt
R092,Rain,AFLB2,intermediates/rain/R092/aflb2.pt
R092,Rain,AFLB3,intermediates/rain/R092/aflb3.pt
R093,Rain,AFLB1,intermediates/rain/R093/aflb1.pt
R093,Rain,AFLB2,intermediates/rain/R093/aflb2.pt
R093,Rain,AFLB3,intermediates/rain/R093/aflb3.pt
R094,Rain,AFLB1,intermediates/rain/R094/aflb1.pt
R094,Rain,AFLB2,intermediates/rain/R094/aflb2.pt
R094,Rain,AFLB3,intermediates/rain/R094/aflb3.pt
R095,Rain,AFLB1,intermediates/rain/R095/aflb1.pt
R095,Rain,AFLB2,intermediates/rain/R095/aflb2.pt
R095,Rain,AFLB3,intermediates/rain/R095/aflb3.pt
R096,Rain,AFLB1,intermediates/rain/R096/aflb1.pt
R096,Rain,AFLB2,intermediates/rain/R096/aflb2.pt
R096,Rain,AFLB3,intermediates/rain/R096/aflb3.pt
R097,Rain,AFLB1,intermediates/rain/R097/aflb1.pt
R097,Rain,AFLB2,intermediates/rain/R097/aflb2.pt
R097,Rain,AFLB3,intermediates/rain/R097/aflb3.pt
R098,Rain,AFLB1,intermediates/rain/R098/aflb1.pt
R098,Rain,AFLB2,intermediates/rain/R098/aflb2.pt
R098,Rain,AFLB3,intermediates/rain/R098/aflb3.pt
R099,Rain,AFLB1,intermediates/rain/R099/aflb1.pt
R099,Rain,AFLB2,intermediates/rain/R099/aflb2.pt
R099,Rain,AFLB3,intermediates/rain/R099/aflb3.pt
R100,Rain,AFLB1,intermediates/rain/R100/aflb1.pt
R100,Rain,AFLB2,intermediates/rain/R100/aflb2.pt
R100,Rain,AFLB3,intermediates/rain/R100/aflb3.pt
H001,Haze,AFLB1,intermediates/haze/H001/aflb1.pt
H001,Haze,AFLB2,intermediates/haze/H001/aflb2.pt
H001,Haze,AFLB3,intermediates/haze/H001/aflb3.pt
H002,Haze,AFLB1,intermediates/haze/H002/aflb1.pt
H002,Haze,AFLB2,intermediates/haze/H002/aflb2.pt
H002,Haze,AFLB3,intermediates/haze/H002/aflb3.pt
H003,Haze,AFLB1,intermediates/haze/H003/aflb1.pt
H003,Haze,AFLB2,intermediates/haze/H003/aflb2.pt
H003,Haze,AFLB3,intermediates/haze/H003/aflb3.pt
H004,Haze,AFLB1,intermediates/haze/H004/aflb1.pt
H004,Haze,AFLB2,intermediates/haze/H004/aflb2.pt
H004,Haze,AFLB3,intermediates/haze/H004/aflb3.pt
H005,Haze,AFLB1,intermediates/haze/H005/aflb1.pt
H005,Haze,AFLB2,intermediates/haze/H005/aflb2.pt
H005,Haze,AFLB3,intermediates/haze/H005/aflb3.pt
H006,Haze,AFLB1,intermediates/haze/H006/aflb1.pt
H006,Haze,AFLB2,intermediates/haze/H006/aflb2.pt
H006,Haze,AFLB3,intermediates/haze/H006/aflb3.pt
H007,Haze,AFLB1,intermediates/haze/H007/aflb1.pt
H007,Haze,AFLB2,intermediates/haze/H007/aflb2.pt
H007,Haze,AFLB3,intermediates/haze/H007/aflb3.pt
H008,Haze,AFLB1,intermediates/haze/H008/aflb1.pt
H008,Haze,AFLB2,intermediates/haze/H008/aflb2.pt
H008,Haze,AFLB3,intermediates/haze/H008/aflb3.pt
H009,Haze,AFLB1,intermediates/haze/H009/aflb1.pt
H009,Haze,AFLB2,intermediates/haze/H009/aflb2.pt
H009,Haze,AFLB3,intermediates/haze/H009/aflb3.pt
H010,Haze,AFLB1,intermediates/haze/H010/aflb1.pt
H010,Haze,AFLB2,intermediates/haze/H010/aflb2.pt
H010,Haze,AFLB3,intermediates/haze/H010/aflb3.pt
H011,Haze,AFLB1,intermediates/haze/H011/aflb1.pt
H011,Haze,AFLB2,intermediates/haze/H011/aflb2.pt
H011,Haze,AFLB3,intermediates/haze/H011/aflb3.pt
H012,Haze,AFLB1,intermediates/haze/H012/aflb1.pt
H012,Haze,AFLB2,intermediates/haze/H012/aflb2.pt
H012,Haze,AFLB3,intermediates/haze/H012/aflb3.pt
H013,Haze,AFLB1,intermediates/haze/H013/aflb1.pt
H013,Haze,AFLB2,intermediates/haze/H013/aflb2.pt
H013,Haze,AFLB3,intermediates/haze/H013/aflb3.pt
H014,Haze,AFLB1,intermediates/haze/H014/aflb1.pt
H014,Haze,AFLB2,intermediates/haze/H014/aflb2.pt
H014,Haze,AFLB3,intermediates/haze/H014/aflb3.pt
H015,Haze,AFLB1,intermediates/haze/H015/aflb1.pt
H015,Haze,AFLB2,intermediates/haze/H015/aflb2.pt
H015,Haze,AFLB3,intermediates/haze/H015/aflb3.pt
H016,Haze,AFLB1,intermediates/haze/H016/aflb1.pt
H016,Haze,AFLB2,intermediates/haze/H016/aflb2.pt
H016,Haze,AFLB3,intermediates/haze/H016/aflb3.pt
H017,Haze,AFLB1,intermediates/haze/H017/aflb1.pt
H017,Haze,AFLB2,intermediates/haze/H017/aflb2.pt
H017,Haze,AFLB3,intermediates/haze/H017/aflb3.pt
H018,Haze,AFLB1,intermediates/haze/H018/aflb1.pt
H018,Haze,AFLB2,intermediates/haze/H018/aflb2.pt
H018,Haze,AFLB3,intermediates/haze/H018/aflb3.pt
H019,Haze,AFLB1,intermediates/haze/H019/aflb1.pt
H019,Haze,AFLB2,intermediates/haze/H019/aflb2.pt
H019,Haze,AFLB3,intermediates/haze/H019/aflb3.pt
H020,Haze,AFLB1,intermediates/haze/H020/aflb1.pt
H020,Haze,AFLB2,intermediates/haze/H020/aflb2.pt
H020,Haze,AFLB3,intermediates/haze/H020/aflb3.pt
H021,Haze,AFLB1,intermediates/haze/H021/aflb1.pt
H021,Haze,AFLB2,intermediates/haze/H021/aflb2.pt
H021,Haze,AFLB3,intermediates/haze/H021/aflb3.pt
H022,Haze,AFLB1,intermediates/haze/H022/aflb1.pt
H022,Haze,AFLB2,intermediates/haze/H022/aflb2.pt
H022,Haze,AFLB3,intermediates/haze/H022/aflb3.pt
H023,Haze,AFLB1,intermediates/haze/H023/aflb1.pt
H023,Haze,AFLB2,intermediates/haze/H023/aflb2.pt
H023,Haze,AFLB3,intermediates/haze/H023/aflb3.pt
H024,Haze,AFLB1,intermediates/haze/H024/aflb1.pt
H024,Haze,AFLB2,intermediates/haze/H024/aflb2.pt
H024,Haze,AFLB3,intermediates/haze/H024/aflb3.pt
H025,Haze,AFLB1,intermediates/haze/H025/aflb1.pt
H025,Haze,AFLB2,intermediates/haze/H025/aflb2.pt
H025,Haze,AFLB3,intermediates/haze/H025/aflb3.pt
H026,Haze,AFLB1,intermediates/haze/H026/aflb1.pt
H026,Haze,AFLB2,intermediates/haze/H026/aflb2.pt
H026,Haze,AFLB3,intermediates/haze/H026/aflb3.pt
H027,Haze,AFLB1,intermediates/haze/H027/aflb1.pt
H027,Haze,AFLB2,intermediates/haze/H027/aflb2.pt
H027,Haze,AFLB3,intermediates/haze/H027/aflb3.pt
H028,Haze,AFLB1,intermediates/haze/H028/aflb1.pt
H028,Haze,AFLB2,intermediates/haze/H028/aflb2.pt
H028,Haze,AFLB3,intermediates/haze/H028/aflb3.pt
H029,Haze,AFLB1,intermediates/haze/H029/aflb1.pt
H029,Haze,AFLB2,intermediates/haze/H029/aflb2.pt
H029,Haze,AFLB3,intermediates/haze/H029/aflb3.pt
H030,Haze,AFLB1,intermediates/haze/H030/aflb1.pt
H030,Haze,AFLB2,intermediates/haze/H030/aflb2.pt
H030,Haze,AFLB3,intermediates/haze/H030/aflb3.pt
H031,Haze,AFLB1,intermediates/haze/H031/aflb1.pt
H031,Haze,AFLB2,intermediates/haze/H031/aflb2.pt
H031,Haze,AFLB3,intermediates/haze/H031/aflb3.pt
H032,Haze,AFLB1,intermediates/haze/H032/aflb1.pt
H032,Haze,AFLB2,intermediates/haze/H032/aflb2.pt
H032,Haze,AFLB3,intermediates/haze/H032/aflb3.pt
H033,Haze,AFLB1,intermediates/haze/H033/aflb1.pt
H033,Haze,AFLB2,intermediates/haze/H033/aflb2.pt
H033,Haze,AFLB3,intermediates/haze/H033/aflb3.pt
H034,Haze,AFLB1,intermediates/haze/H034/aflb1.pt
H034,Haze,AFLB2,intermediates/haze/H034/aflb2.pt
H034,Haze,AFLB3,intermediates/haze/H034/aflb3.pt
H035,Haze,AFLB1,intermediates/haze/H035/aflb1.pt
H035,Haze,AFLB2,intermediates/haze/H035/aflb2.pt
H035,Haze,AFLB3,intermediates/haze/H035/aflb3.pt
H036,Haze,AFLB1,intermediates/haze/H036/aflb1.pt
H036,Haze,AFLB2,intermediates/haze/H036/aflb2.pt
H036,Haze,AFLB3,intermediates/haze/H036/aflb3.pt
H037,Haze,AFLB1,intermediates/haze/H037/aflb1.pt
H037,Haze,AFLB2,intermediates/haze/H037/aflb2.pt
H037,Haze,AFLB3,intermediates/haze/H037/aflb3.pt
H038,Haze,AFLB1,intermediates/haze/H038/aflb1.pt
H038,Haze,AFLB2,intermediates/haze/H038/aflb2.pt
H038,Haze,AFLB3,intermediates/haze/H038/aflb3.pt
H039,Haze,AFLB1,intermediates/haze/H039/aflb1.pt
H039,Haze,AFLB2,intermediates/haze/H039/aflb2.pt
H039,Haze,AFLB3,intermediates/haze/H039/aflb3.pt
H040,Haze,AFLB1,intermediates/haze/H040/aflb1.pt
H040,Haze,AFLB2,intermediates/haze/H040/aflb2.pt
H040,Haze,AFLB3,intermediates/haze/H040/aflb3.pt
H041,Haze,AFLB1,intermediates/haze/H041/aflb1.pt
H041,Haze,AFLB2,intermediates/haze/H041/aflb2.pt
H041,Haze,AFLB3,intermediates/haze/H041/aflb3.pt
H042,Haze,AFLB1,intermediates/haze/H042/aflb1.pt
H042,Haze,AFLB2,intermediates/haze/H042/aflb2.pt
H042,Haze,AFLB3,intermediates/haze/H042/aflb3.pt
H043,Haze,AFLB1,intermediates/haze/H043/aflb1.pt
H043,Haze,AFLB2,intermediates/haze/H043/aflb2.pt
H043,Haze,AFLB3,intermediates/haze/H043/aflb3.pt
H044,Haze,AFLB1,intermediates/haze/H044/aflb1.pt
H044,Haze,AFLB2,intermediates/haze/H044/aflb2.pt
H044,Haze,AFLB3,intermediates/haze/H044/aflb3.pt
H045,Haze,AFLB1,intermediates/haze/H045/aflb1.pt
H045,Haze,AFLB2,intermediates/haze/H045/aflb2.pt
H045,Haze,AFLB3,intermediates/haze/H045/aflb3.pt
H046,Haze,AFLB1,intermediates/haze/H046/aflb1.pt
H046,Haze,AFLB2,intermediates/haze/H046/aflb2.pt
H046,Haze,AFLB3,intermediates/haze/H046/aflb3.pt
H047,Haze,AFLB1,intermediates/haze/H047/aflb1.pt
H047,Haze,AFLB2,intermediates/haze/H047/aflb2.pt
H047,Haze,AFLB3,intermediates/haze/H047/aflb3.pt
H048,Haze,AFLB1,intermediates/haze/H048/aflb1.pt
H048,Haze,AFLB2,intermediates/haze/H048/aflb2.pt
H048,Haze,AFLB3,intermediates/haze/H048/aflb3.pt
H049,Haze,AFLB1,intermediates/haze/H049/aflb1.pt
H049,Haze,AFLB2,intermediates/haze/H049/aflb2.pt
H049,Haze,AFLB3,intermediates/haze/H049/aflb3.pt
H050,Haze,AFLB1,intermediates/haze/H050/aflb1.pt
H050,Haze,AFLB2,intermediates/haze/H050/aflb2.pt
H050,Haze,AFLB3,intermediates/haze/H050/aflb3.pt
H051,Haze,AFLB1,intermediates/haze/H051/aflb1.pt
H051,Haze,AFLB2,intermediates/haze/H051/aflb2.pt
H051,Haze,AFLB3,intermediates/haze/H051/aflb3.pt
H052,Haze,AFLB1,intermediates/haze/H052/aflb1.pt
H052,Haze,AFLB2,intermediates/haze/H052/aflb2.pt
H052,Haze,AFLB3,intermediates/haze/H052/aflb3.pt
H053,Haze,AFLB1,intermediates/haze/H053/aflb1.pt
H053,Haze,AFLB2,intermediates/haze/H053/aflb2.pt
H053,Haze,AFLB3,intermediates/haze/H053/aflb3.pt
H054,Haze,AFLB1,intermediates/haze/H054/aflb1.pt
H054,Haze,AFLB2,intermediates/haze/H054/aflb2.pt
H054,Haze,AFLB3,intermediates/haze/H054/aflb3.pt
H055,Haze,AFLB1,intermediates/haze/H055/aflb1.pt
H055,Haze,AFLB2,intermediates/haze/H055/aflb2.pt
H055,Haze,AFLB3,intermediates/haze/H055/aflb3.pt
H056,Haze,AFLB1,intermediates/haze/H056/aflb1.pt
H056,Haze,AFLB2,intermediates/haze/H056/aflb2.pt
H056,Haze,AFLB3,intermediates/haze/H056/aflb3.pt
H057,Haze,AFLB1,intermediates/haze/H057/aflb1.pt
H057,Haze,AFLB2,intermediates/haze/H057/aflb2.pt
H057,Haze,AFLB3,intermediates/haze/H057/aflb3.pt
H058,Haze,AFLB1,intermediates/haze/H058/aflb1.pt
H058,Haze,AFLB2,intermediates/haze/H058/aflb2.pt
H058,Haze,AFLB3,intermediates/haze/H058/aflb3.pt
H059,Haze,AFLB1,intermediates/haze/H059/aflb1.pt
H059,Haze,AFLB2,intermediates/haze/H059/aflb2.pt
H059,Haze,AFLB3,intermediates/haze/H059/aflb3.pt
H060,Haze,AFLB1,intermediates/haze/H060/aflb1.pt
H060,Haze,AFLB2,intermediates/haze/H060/aflb2.pt
H060,Haze,AFLB3,intermediates/haze/H060/aflb3.pt
H061,Haze,AFLB1,intermediates/haze/H061/aflb1.pt
H061,Haze,AFLB2,intermediates/haze/H061/aflb2.pt
H061,Haze,AFLB3,intermediates/haze/H061/aflb3.pt
H062,Haze,AFLB1,intermediates/haze/H062/aflb1.pt
H062,Haze,AFLB2,intermediates/haze/H062/aflb2.pt
H062,Haze,AFLB3,intermediates/haze/H062/aflb3.pt
H063,Haze,AFLB1,intermediates/haze/H063/aflb1.pt
H063,Haze,AFLB2,intermediates/haze/H063/aflb2.pt
H063,Haze,AFLB3,intermediates/haze/H063/aflb3.pt
H064,Haze,AFLB1,intermediates/haze/H064/aflb1.pt
H064,Haze,AFLB2,intermediates/haze/H064/aflb2.pt
H064,Haze,AFLB3,intermediates/haze/H064/aflb3.pt
H065,Haze,AFLB1,intermediates/haze/H065/aflb1.pt
H065,Haze,AFLB2,intermediates/haze/H065/aflb2.pt
H065,Haze,AFLB3,intermediates/haze/H065/aflb3.pt
H066,Haze,AFLB1,intermediates/haze/H066/aflb1.pt
H066,Haze,AFLB2,intermediates/haze/H066/aflb2.pt
H066,Haze,AFLB3,intermediates/haze/H066/aflb3.pt
H067,Haze,AFLB1,intermediates/haze/H067/aflb1.pt
H067,Haze,AFLB2,intermediates/haze/H067/aflb2.pt
H067,Haze,AFLB3,intermediates/haze/H067/aflb3.pt
H068,Haze,AFLB1,intermediates/haze/H068/aflb1.pt
H068,Haze,AFLB2,intermediates/haze/H068/aflb2.pt
H068,Haze,AFLB3,intermediates/haze/H068/aflb3.pt
H069,Haze,AFLB1,intermediates/haze/H069/aflb1.pt
H069,Haze,AFLB2,intermediates/haze/H069/aflb2.pt
H069,Haze,AFLB3,intermediates/haze/H069/aflb3.pt
H070,Haze,AFLB1,intermediates/haze/H070/aflb1.pt
H070,Haze,AFLB2,intermediates/haze/H070/aflb2.pt
H070,Haze,AFLB3,intermediates/haze/H070/aflb3.pt
H071,Haze,AFLB1,intermediates/haze/H071/aflb1.pt
H071,Haze,AFLB2,intermediates/haze/H071/aflb2.pt
H071,Haze,AFLB3,intermediates/haze/H071/aflb3.pt
H072,Haze,AFLB1,intermediates/haze/H072/aflb1.pt
H072,Haze,AFLB2,intermediates/haze/H072/aflb2.pt
H072,Haze,AFLB3,intermediates/haze/H072/aflb3.pt
H073,Haze,AFLB1,intermediates/haze/H073/aflb1.pt
H073,Haze,AFLB2,intermediates/haze/H073/aflb2.pt
H073,Haze,AFLB3,intermediates/haze/H073/aflb3.pt
H074,Haze,AFLB1,intermediates/haze/H074/aflb1.pt
H074,Haze,AFLB2,intermediates/haze/H074/aflb2.pt
H074,Haze,AFLB3,intermediates/haze/H074/aflb3.pt
H075,Haze,AFLB1,intermediates/haze/H075/aflb1.pt
H075,Haze,AFLB2,intermediates/haze/H075/aflb2.pt
H075,Haze,AFLB3,intermediates/haze/H075/aflb3.pt
H076,Haze,AFLB1,intermediates/haze/H076/aflb1.pt
H076,Haze,AFLB2,intermediates/haze/H076/aflb2.pt
H076,Haze,AFLB3,intermediates/haze/H076/aflb3.pt
H077,Haze,AFLB1,intermediates/haze/H077/aflb1.pt
H077,Haze,AFLB2,intermediates/haze/H077/aflb2.pt
H077,Haze,AFLB3,intermediates/haze/H077/aflb3.pt
H078,Haze,AFLB1,intermediates/haze/H078/aflb1.pt
H078,Haze,AFLB2,intermediates/haze/H078/aflb2.pt
H078,Haze,AFLB3,intermediates/haze/H078/aflb3.pt
H079,Haze,AFLB1,intermediates/haze/H079/aflb1.pt
H079,Haze,AFLB2,intermediates/haze/H079/aflb2.pt
H079,Haze,AFLB3,intermediates/haze/H079/aflb3.pt
H080,Haze,AFLB1,intermediates/haze/H080/aflb1.pt
H080,Haze,AFLB2,intermediates/haze/H080/aflb2.pt
H080,Haze,AFLB3,intermediates/haze/H080/aflb3.pt
H081,Haze,AFLB1,intermediates/haze/H081/aflb1.pt
H081,Haze,AFLB2,intermediates/haze/H081/aflb2.pt
H081,Haze,AFLB3,intermediates/haze/H081/aflb3.pt
H082,Haze,AFLB1,intermediates/haze/H082/aflb1.pt
H082,Haze,AFLB2,intermediates/haze/H082/aflb2.pt
H082,Haze,AFLB3,intermediates/haze/H082/aflb3.pt
H083,Haze,AFLB1,intermediates/haze/H083/aflb1.pt
H083,Haze,AFLB2,intermediates/haze/H083/aflb2.pt
H083,Haze,AFLB3,intermediates/haze/H083/aflb3.pt
H084,Haze,AFLB1,intermediates/haze/H084/aflb1.pt
H084,Haze,AFLB2,intermediates/haze/H084/aflb2.pt
H084,Haze,AFLB3,intermediates/haze/H084/aflb3.pt
H085,Haze,AFLB1,intermediates/haze/H085/aflb1.pt
H085,Haze,AFLB2,intermediates/haze/H085/aflb2.pt
H085,Haze,AFLB3,intermediates/haze/H085/aflb3.pt
H086,Haze,AFLB1,intermediates/haze/H086/aflb1.pt
H086,Haze,AFLB2,intermediates/haze/H086/aflb2.pt
H086,Haze,AFLB3,intermediates/haze/H086/aflb3.pt
H087,Haze,AFLB1,intermediates/haze/H087/aflb1.pt
H087,Haze,AFLB2,intermediates/haze/H087/aflb2.pt
H087,Haze,AFLB3,intermediates/haze/H087/aflb3.pt
H088,Haze,AFLB1,intermediates/haze/H088/aflb1.pt
H088,Haze,AFLB2,intermediates/haze/H088/aflb2.pt
H088,Haze,AFLB3,intermediates/haze/H088/aflb3.pt
H089,Haze,AFLB1,intermediates/haze/H089/aflb1.pt
H089,Haze,AFLB2,intermediates/haze/H089/aflb2.pt
H089,Haze,AFLB3,intermediates/haze/H089/aflb3.pt
H090,Haze,AFLB1,intermediates/haze/H090/aflb1.pt
H090,Haze,AFLB2,intermediates/haze/H090/aflb2.pt
H090,Haze,AFLB3,intermediates/haze/H090/aflb3.pt
H091,Haze,AFLB1,intermediates/haze/H091/aflb1.pt
H091,Haze,AFLB2,intermediates/haze/H091/aflb2.pt
H091,Haze,AFLB3,intermediates/haze/H091/aflb3.pt
H092,Haze,AFLB1,intermediates/haze/H092/aflb1.pt
H092,Haze,AFLB2,intermediates/haze/H092/aflb2.pt
H092,Haze,AFLB3,intermediates/haze/H092/aflb3.pt
H093,Haze,AFLB1,intermediates/haze/H093/aflb1.pt
H093,Haze,AFLB2,intermediates/haze/H093/aflb2.pt
H093,Haze,AFLB3,intermediates/haze/H093/aflb3.pt
H094,Haze,AFLB1,intermediates/haze/H094/aflb1.pt
H094,Haze,AFLB2,intermediates/haze/H094/aflb2.pt
H094,Haze,AFLB3,intermediates/haze/H094/aflb3.pt
H095,Haze,AFLB1,intermediates/haze/H095/aflb1.pt
H095,Haze,AFLB2,intermediates/haze/H095/aflb2.pt
H095,Haze,AFLB3,intermediates/haze/H095/aflb3.pt
H096,Haze,AFLB1,intermediates/haze/H096/aflb1.pt
H096,Haze,AFLB2,intermediates/haze/H096/aflb2.pt
H096,Haze,AFLB3,intermediates/haze/H096/aflb3.pt
H097,Haze,AFLB1,intermediates/haze/H097/aflb1.pt
H097,Haze,AFLB2,intermediates/haze/H097/aflb2.pt
H097,Haze,AFLB3,intermediates/haze/H097/aflb3.pt
H098,Haze,AFLB1,intermediates/haze/H098/aflb1.pt
H098,Haze,AFLB2,intermediates/haze/H098/aflb2.pt
H098,Haze,AFLB3,intermediates/haze/H098/aflb3.pt
H099,Haze,AFLB1,intermediates/haze/H099/aflb1.pt
H099,Haze,AFLB2,intermediates/haze/H099/aflb2.pt
H099,Haze,AFLB3,intermediates/haze/H099/aflb3.pt
H100,Haze,AFLB1,intermediates/haze/H100/aflb1.pt
H100,Haze,AFLB2,intermediates/haze/H100/aflb2.pt
H100,Haze,AFLB3,intermediates/haze/H100/aflb3.pt
N001,Noise,AFLB1,intermediates/noise/N001/aflb1.pt
N001,Noise,AFLB2,intermediates/noise/N001/aflb2.pt
N001,Noise,AFLB3,intermediates/noise/N001/aflb3.pt
N002,Noise,AFLB1,intermediates/noise/N002/aflb1.pt
N002,Noise,AFLB2,intermediates/noise/N002/aflb2.pt
N002,Noise,AFLB3,intermediates/noise/N002/aflb3.pt
N003,Noise,AFLB1,intermediates/noise/N003/aflb1.pt
N003,Noise,AFLB2,intermediates/noise/N003/aflb2.pt
N003,Noise,AFLB3,intermediates/noise/N003/aflb3.pt
N004,Noise,AFLB1,intermediates/noise/N004/aflb1.pt
N004,Noise,AFLB2,intermediates/noise/N004/aflb2.pt
N004,Noise,AFLB3,intermediates/noise/N004/aflb3.pt
N005,Noise,AFLB1,intermediates/noise/N005/aflb1.pt
N005,Noise,AFLB2,intermediates/noise/N005/aflb2.pt
N005,Noise,AFLB3,intermediates/noise/N005/aflb3.pt
N006,Noise,AFLB1,intermediates/noise/N006/aflb1.pt
N006,Noise,AFLB2,intermediates/noise/N006/aflb2.pt
N006,Noise,AFLB3,intermediates/noise/N006/aflb3.pt
N007,Noise,AFLB1,intermediates/noise/N007/aflb1.pt
N007,Noise,AFLB2,intermediates/noise/N007/aflb2.pt
N007,Noise,AFLB3,intermediates/noise/N007/aflb3.pt
N008,Noise,AFLB1,intermediates/noise/N008/aflb1.pt
N008,Noise,AFLB2,intermediates/noise/N008/aflb2.pt
N008,Noise,AFLB3,intermediates/noise/N008/aflb3.pt
N009,Noise,AFLB1,intermediates/noise/N009/aflb1.pt
N009,Noise,AFLB2,intermediates/noise/N009/aflb2.pt
N009,Noise,AFLB3,intermediates/noise/N009/aflb3.pt
N010,Noise,AFLB1,intermediates/noise/N010/aflb1.pt
N010,Noise,AFLB2,intermediates/noise/N010/aflb2.pt
N010,Noise,AFLB3,intermediates/noise/N010/aflb3.pt
N011,Noise,AFLB1,intermediates/noise/N011/aflb1.pt
N011,Noise,AFLB2,intermediates/noise/N011/aflb2.pt
N011,Noise,AFLB3,intermediates/noise/N011/aflb3.pt
N012,Noise,AFLB1,intermediates/noise/N012/aflb1.pt
N012,Noise,AFLB2,intermediates/noise/N012/aflb2.pt
N012,Noise,AFLB3,intermediates/noise/N012/aflb3.pt
N013,Noise,AFLB1,intermediates/noise/N013/aflb1.pt
N013,Noise,AFLB2,intermediates/noise/N013/aflb2.pt
N013,Noise,AFLB3,intermediates/noise/N013/aflb3.pt
N014,Noise,AFLB1,intermediates/noise/N014/aflb1.pt
N014,Noise,AFLB2,intermediates/noise/N014/aflb2.pt
N014,Noise,AFLB3,intermediates/noise/N014/aflb3.pt
N015,Noise,AFLB1,intermediates/noise/N015/aflb1.pt
N015,Noise,AFLB2,intermediates/noise/N015/aflb2.pt
N015,Noise,AFLB3,intermediates/noise/N015/aflb3.pt
N016,Noise,AFLB1,intermediates/noise/N016/aflb1.pt
N016,Noise,AFLB2,intermediates/noise/N016/aflb2.pt
N016,Noise,AFLB3,intermediates/noise/N016/aflb3.pt
N017,Noise,AFLB1,intermediates/noise/N017/aflb1.pt
N017,Noise,AFLB2,intermediates/noise/N017/aflb2.pt
N017,Noise,AFLB3,intermediates/noise/N017/aflb3.pt
N018,Noise,AFLB1,intermediates/noise/N018/aflb1.pt
N018,Noise,AFLB2,intermediates/noise/N018/aflb2.pt
N018,Noise,AFLB3,intermediates/noise/N018/aflb3.pt
N019,Noise,AFLB1,intermediates/noise/N019/aflb1.pt
N019,Noise,AFLB2,intermediates/noise/N019/aflb2.pt
N019,Noise,AFLB3,intermediates/noise/N019/aflb3.pt
N020,Noise,AFLB1,intermediates/noise/N020/aflb1.pt
N020,Noise,AFLB2,intermediates/noise/N020/aflb2.pt
N020,Noise,AFLB3,intermediates/noise/N020/aflb3.pt
N021,Noise,AFLB1,intermediates/noise/N021/aflb1.pt
N021,Noise,AFLB2,intermediates/noise/N021/aflb2.pt
N021,Noise,AFLB3,intermediates/noise/N021/aflb3.pt
N022,Noise,AFLB1,intermediates/noise/N022/aflb1.pt
N022,Noise,AFLB2,intermediates/noise/N022/aflb2.pt
N022,Noise,AFLB3,intermediates/noise/N022/aflb3.pt
N023,Noise,AFLB1,intermediates/noise/N023/aflb1.pt
N023,Noise,AFLB2,intermediates/noise/N023/aflb2.pt
N023,Noise,AFLB3,intermediates/noise/N023/aflb3.pt
N024,Noise,AFLB1,intermediates/noise/N024/aflb1.pt
N024,Noise,AFLB2,intermediates/noise/N024/aflb2.pt
N024,Noise,AFLB3,intermediates/noise/N024/aflb3.pt
N025,Noise,AFLB1,intermediates/noise/N025/aflb1.pt
N025,Noise,AFLB2,intermediates/noise/N025/aflb2.pt
N025,Noise,AFLB3,intermediates/noise/N025/aflb3.pt
N026,Noise,AFLB1,intermediates/noise/N026/aflb1.pt
N026,Noise,AFLB2,intermediates/noise/N026/aflb2.pt
N026,Noise,AFLB3,intermediates/noise/N026/aflb3.pt
N027,Noise,AFLB1,intermediates/noise/N027/aflb1.pt
N027,Noise,AFLB2,intermediates/noise/N027/aflb2.pt
N027,Noise,AFLB3,intermediates/noise/N027/aflb3.pt
N028,Noise,AFLB1,intermediates/noise/N028/aflb1.pt
N028,Noise,AFLB2,intermediates/noise/N028/aflb2.pt
N028,Noise,AFLB3,intermediates/noise/N028/aflb3.pt
N029,Noise,AFLB1,intermediates/noise/N029/aflb1.pt
N029,Noise,AFLB2,intermediates/noise/N029/aflb2.pt
N029,Noise,AFLB3,intermediates/noise/N029/aflb3.pt
N030,Noise,AFLB1,intermediates/noise/N030/aflb1.pt
N030,Noise,AFLB2,intermediates/noise/N030/aflb2.pt
N030,Noise,AFLB3,intermediates/noise/N030/aflb3.pt
N031,Noise,AFLB1,intermediates/noise/N031/aflb1.pt
N031,Noise,AFLB2,intermediates/noise/N031/aflb2.pt
N031,Noise,AFLB3,intermediates/noise/N031/aflb3.pt
N032,Noise,AFLB1,intermediates/noise/N032/aflb1.pt
N032,Noise,AFLB2,intermediates/noise/N032/aflb2.pt
N032,Noise,AFLB3,intermediates/noise/N032/aflb3.pt
N033,Noise,AFLB1,intermediates/noise/N033/aflb1.pt
N033,Noise,AFLB2,intermediates/noise/N033/aflb2.pt
N033,Noise,AFLB3,intermediates/noise/N033/aflb3.pt
N034,Noise,AFLB1,intermediates/noise/N034/aflb1.pt
N034,Noise,AFLB2,intermediates/noise/N034/aflb2.pt
N034,Noise,AFLB3,intermediates/noise/N034/aflb3.pt
N035,Noise,AFLB1,intermediates/noise/N035/aflb1.pt
N035,Noise,AFLB2,intermediates/noise/N035/aflb2.pt
N035,Noise,AFLB3,intermediates/noise/N035/aflb3.pt
N036,Noise,AFLB1,intermediates/noise/N036/aflb1.pt
N036,Noise,AFLB2,intermediates/noise/N036/aflb2.pt
N036,Noise,AFLB3,intermediates/noise/N036/aflb3.pt
N037,Noise,AFLB1,intermediates/noise/N037/aflb1.pt
N037,Noise,AFLB2,intermediates/noise/N037/aflb2.pt
N037,Noise,AFLB3,intermediates/noise/N037/aflb3.pt
N038,Noise,AFLB1,intermediates/noise/N038/aflb1.pt
N038,Noise,AFLB2,intermediates/noise/N038/aflb2.pt
N038,Noise,AFLB3,intermediates/noise/N038/aflb3.pt
N039,Noise,AFLB1,intermediates/noise/N039/aflb1.pt
N039,Noise,AFLB2,intermediates/noise/N039/aflb2.pt
N039,Noise,AFLB3,intermediates/noise/N039/aflb3.pt
N040,Noise,AFLB1,intermediates/noise/N040/aflb1.pt
N040,Noise,AFLB2,intermediates/noise/N040/aflb2.pt
N040,Noise,AFLB3,intermediates/noise/N040/aflb3.pt
N041,Noise,AFLB1,intermediates/noise/N041/aflb1.pt
N041,Noise,AFLB2,intermediates/noise/N041/aflb2.pt
N041,Noise,AFLB3,intermediates/noise/N041/aflb3.pt
N042,Noise,AFLB1,intermediates/noise/N042/aflb1.pt
N042,Noise,AFLB2,intermediates/noise/N042/aflb2.pt
N042,Noise,AFLB3,intermediates/noise/N042/aflb3.pt
N043,Noise,AFLB1,intermediates/noise/N043/aflb1.pt
N043,Noise,AFLB2,intermediates/noise/N043/aflb2.pt
N043,Noise,AFLB3,intermediates/noise/N043/aflb3.pt
N044,Noise,AFLB1,intermediates/noise/N044/aflb1.pt
N044,Noise,AFLB2,intermediates/noise/N044/aflb2.pt
N044,Noise,AFLB3,intermediates/noise/N044/aflb3.pt
N045,Noise,AFLB1,intermediates/noise/N045/aflb1.pt
N045,Noise,AFLB2,intermediates/noise/N045/aflb2.pt
N045,Noise,AFLB3,intermediates/noise/N045/aflb3.pt
N046,Noise,AFLB1,intermediates/noise/N046/aflb1.pt
N046,Noise,AFLB2,intermediates/noise/N046/aflb2.pt
N046,Noise,AFLB3,intermediates/noise/N046/aflb3.pt
N047,Noise,AFLB1,intermediates/noise/N047/aflb1.pt
N047,Noise,AFLB2,intermediates/noise/N047/aflb2.pt
N047,Noise,AFLB3,intermediates/noise/N047/aflb3.pt
N048,Noise,AFLB1,intermediates/noise/N048/aflb1.pt
N048,Noise,AFLB2,intermediates/noise/N048/aflb2.pt
N048,Noise,AFLB3,intermediates/noise/N048/aflb3.pt
N049,Noise,AFLB1,intermediates/noise/N049/aflb1.pt
N049,Noise,AFLB2,intermediates/noise/N049/aflb2.pt
N049,Noise,AFLB3,intermediates/noise/N049/aflb3.pt
N050,Noise,AFLB1,intermediates/noise/N050/aflb1.pt
N050,Noise,AFLB2,intermediates/noise/N050/aflb2.pt
N050,Noise,AFLB3,intermediates/noise/N050/aflb3.pt
N051,Noise,AFLB1,intermediates/noise/N051/aflb1.pt
N051,Noise,AFLB2,intermediates/noise/N051/aflb2.pt
N051,Noise,AFLB3,intermediates/noise/N051/aflb3.pt
N052,Noise,AFLB1,intermediates/noise/N052/aflb1.pt
N052,Noise,AFLB2,intermediates/noise/N052/aflb2.pt
N052,Noise,AFLB3,intermediates/noise/N052/aflb3.pt
N053,Noise,AFLB1,intermediates/noise/N053/aflb1.pt
N053,Noise,AFLB2,intermediates/noise/N053/aflb2.pt
N053,Noise,AFLB3,intermediates/noise/N053/aflb3.pt
N054,Noise,AFLB1,intermediates/noise/N054/aflb1.pt
N054,Noise,AFLB2,intermediates/noise/N054/aflb2.pt
N054,Noise,AFLB3,intermediates/noise/N054/aflb3.pt
N055,Noise,AFLB1,intermediates/noise/N055/aflb1.pt
N055,Noise,AFLB2,intermediates/noise/N055/aflb2.pt
N055,Noise,AFLB3,intermediates/noise/N055/aflb3.pt
N056,Noise,AFLB1,intermediates/noise/N056/aflb1.pt
N056,Noise,AFLB2,intermediates/noise/N056/aflb2.pt
N056,Noise,AFLB3,intermediates/noise/N056/aflb3.pt
N057,Noise,AFLB1,intermediates/noise/N057/aflb1.pt
N057,Noise,AFLB2,intermediates/noise/N057/aflb2.pt
N057,Noise,AFLB3,intermediates/noise/N057/aflb3.pt
N058,Noise,AFLB1,intermediates/noise/N058/aflb1.pt
N058,Noise,AFLB2,intermediates/noise/N058/aflb2.pt
N058,Noise,AFLB3,intermediates/noise/N058/aflb3.pt
N059,Noise,AFLB1,intermediates/noise/N059/aflb1.pt
N059,Noise,AFLB2,intermediates/noise/N059/aflb2.pt
N059,Noise,AFLB3,intermediates/noise/N059/aflb3.pt
N060,Noise,AFLB1,intermediates/noise/N060/aflb1.pt
N060,Noise,AFLB2,intermediates/noise/N060/aflb2.pt
N060,Noise,AFLB3,intermediates/noise/N060/aflb3.pt
N061,Noise,AFLB1,intermediates/noise/N061/aflb1.pt
N061,Noise,AFLB2,intermediates/noise/N061/aflb2.pt
N061,Noise,AFLB3,intermediates/noise/N061/aflb3.pt
N062,Noise,AFLB1,intermediates/noise/N062/aflb1.pt
N062,Noise,AFLB2,intermediates/noise/N062/aflb2.pt
N062,Noise,AFLB3,intermediates/noise/N062/aflb3.pt
N063,Noise,AFLB1,intermediates/noise/N063/aflb1.pt
N063,Noise,AFLB2,intermediates/noise/N063/aflb2.pt
N063,Noise,AFLB3,intermediates/noise/N063/aflb3.pt
N064,Noise,AFLB1,intermediates/noise/N064/aflb1.pt
N064,Noise,AFLB2,intermediates/noise/N064/aflb2.pt
N064,Noise,AFLB3,intermediates/noise/N064/aflb3.pt
N065,Noise,AFLB1,intermediates/noise/N065/aflb1.pt
N065,Noise,AFLB2,intermediates/noise/N065/aflb2.pt
N065,Noise,AFLB3,intermediates/noise/N065/aflb3.pt
N066,Noise,AFLB1,intermediates/noise/N066/aflb1.pt
N066,Noise,AFLB2,intermediates/noise/N066/aflb2.pt
N066,Noise,AFLB3,intermediates/noise/N066/aflb3.pt
N067,Noise,AFLB1,intermediates/noise/N067/aflb1.pt
N067,Noise,AFLB2,intermediates/noise/N067/aflb2.pt
N067,Noise,AFLB3,intermediates/noise/N067/aflb3.pt
N068,Noise,AFLB1,intermediates/noise/N068/aflb1.pt
N068,Noise,AFLB2,intermediates/noise/N068/aflb2.pt
N068,Noise,AFLB3,intermediates/noise/N068/aflb3.pt
N069,Noise,AFLB1,intermediates/noise/N069/aflb1.pt
N069,Noise,AFLB2,intermediates/noise/N069/aflb2.pt
N069,Noise,AFLB3,intermediates/noise/N069/aflb3.pt
N070,Noise,AFLB1,intermediates/noise/N070/aflb1.pt
N070,Noise,AFLB2,intermediates/noise/N070/aflb2.pt
N070,Noise,AFLB3,intermediates/noise/N070/aflb3.pt
N071,Noise,AFLB1,intermediates/noise/N071/aflb1.pt
N071,Noise,AFLB2,intermediates/noise/N071/aflb2.pt
N071,Noise,AFLB3,intermediates/noise/N071/aflb3.pt
N072,Noise,AFLB1,intermediates/noise/N072/aflb1.pt
N072,Noise,AFLB2,intermediates/noise/N072/aflb2.pt
N072,Noise,AFLB3,intermediates/noise/N072/aflb3.pt
N073,Noise,AFLB1,intermediates/noise/N073/aflb1.pt
N073,Noise,AFLB2,intermediates/noise/N073/aflb2.pt
N073,Noise,AFLB3,intermediates/noise/N073/aflb3.pt
N074,Noise,AFLB1,intermediates/noise/N074/aflb1.pt
N074,Noise,AFLB2,intermediates/noise/N074/aflb2.pt
N074,Noise,AFLB3,intermediates/noise/N074/aflb3.pt
N075,Noise,AFLB1,intermediates/noise/N075/aflb1.pt
N075,Noise,AFLB2,intermediates/noise/N075/aflb2.pt
N075,Noise,AFLB3,intermediates/noise/N075/aflb3.pt
N076,Noise,AFLB1,intermediates/noise/N076/aflb1.pt
N076,Noise,AFLB2,intermediates/noise/N076/aflb2.pt
N076,Noise,AFLB3,intermediates/noise/N076/aflb3.pt
N077,Noise,AFLB1,intermediates/noise/N077/aflb1.pt
N077,Noise,AFLB2,intermediates/noise/N077/aflb2.pt
N077,Noise,AFLB3,intermediates/noise/N077/aflb3.pt
N078,Noise,AFLB1,intermediates/noise/N078/aflb1.pt
N078,Noise,AFLB2,intermediates/noise/N078/aflb2.pt
N078,Noise,AFLB3,intermediates/noise/N078/aflb3.pt
N079,Noise,AFLB1,intermediates/noise/N079/aflb1.pt
N079,Noise,AFLB2,intermediates/noise/N079/aflb2.pt
N079,Noise,AFLB3,intermediates/noise/N079/aflb3.pt
N080,Noise,AFLB1,intermediates/noise/N080/aflb1.pt
N080,Noise,AFLB2,intermediates/noise/N080/aflb2.pt
N080,Noise,AFLB3,intermediates/noise/N080/aflb3.pt
N081,Noise,AFLB1,intermediates/noise/N081/aflb1.pt
N081,Noise,AFLB2,intermediates/noise/N081/aflb2.pt
N081,Noise,AFLB3,intermediates/noise/N081/aflb3.pt
N082,Noise,AFLB1,intermediates/noise/N082/aflb1.pt
N082,Noise,AFLB2,intermediates/noise/N082/aflb2.pt
N082,Noise,AFLB3,intermediates/noise/N082/aflb3.pt
N083,Noise,AFLB1,intermediates/noise/N083/aflb1.pt
N083,Noise,AFLB2,intermediates/noise/N083/aflb2.pt
N083,Noise,AFLB3,intermediates/noise/N083/aflb3.pt
N084,Noise,AFLB1,intermediates/noise/N084/aflb1.pt
N084,Noise,AFLB2,intermediates/noise/N084/aflb2.pt
N084,Noise,AFLB3,intermediates/noise/N084/aflb3.pt
N085,Noise,AFLB1,intermediates/noise/N085/aflb1.pt
N085,Noise,AFLB2,intermediates/noise/N085/aflb2.pt
N085,Noise,AFLB3,intermediates/noise/N085/aflb3.pt
N086,Noise,AFLB1,intermediates/noise/N086/aflb1.pt
N086,Noise,AFLB2,intermediates/noise/N086/aflb2.pt
N086,Noise,AFLB3,intermediates/noise/N086/aflb3.pt
N087,Noise,AFLB1,intermediates/noise/N087/aflb1.pt
N087,Noise,AFLB2,intermediates/noise/N087/aflb2.pt
N087,Noise,AFLB3,intermediates/noise/N087/aflb3.pt
N088,Noise,AFLB1,intermediates/noise/N088/aflb1.pt
N088,Noise,AFLB2,intermediates/noise/N088/aflb2.pt
N088,Noise,AFLB3,intermediates/noise/N088/aflb3.pt
N089,Noise,AFLB1,intermediates/noise/N089/aflb1.pt
N089,Noise,AFLB2,intermediates/noise/N089/aflb2.pt
N089,Noise,AFLB3,intermediates/noise/N089/aflb3.pt
N090,Noise,AFLB1,intermediates/noise/N090/aflb1.pt
N090,Noise,AFLB2,intermediates/noise/N090/aflb2.pt
N090,Noise,AFLB3,intermediates/noise/N090/aflb3.pt
N091,Noise,AFLB1,intermediates/noise/N091/aflb1.pt
N091,Noise,AFLB2,intermediates/noise/N091/aflb2.pt
N091,Noise,AFLB3,intermediates/noise/N091/aflb3.pt
N092,Noise,AFLB1,intermediates/noise/N092/aflb1.pt
N092,Noise,AFLB2,intermediates/noise/N092/aflb2.pt
N092,Noise,AFLB3,intermediates/noise/N092/aflb3.pt
N093,Noise,AFLB1,intermediates/noise/N093/aflb1.pt
N093,Noise,AFLB2,intermediates/noise/N093/aflb2.pt
N093,Noise,AFLB3,intermediates/noise/N093/aflb3.pt
N094,Noise,AFLB1,intermediates/noise/N094/aflb1.pt
N094,Noise,AFLB2,intermediates/noise/N094/aflb2.pt
N094,Noise,AFLB3,intermediates/noise/N094/aflb3.pt
N095,Noise,AFLB1,intermediates/noise/N095/aflb1.pt
N095,Noise,AFLB2,intermediates/noise/N095/aflb2.pt
N095,Noise,AFLB3,intermediates/noise/N095/aflb3.pt
N096,Noise,AFLB1,intermediates/noise/N096/aflb1.pt
N096,Noise,AFLB2,intermediates/noise/N096/aflb2.pt
N096,Noise,AFLB3,intermediates/noise/N096/aflb3.pt
N097,Noise,AFLB1,intermediates/noise/N097/aflb1.pt
N097,Noise,AFLB2,intermediates/noise/N097/aflb2.pt
N097,Noise,AFLB3,intermediates/noise/N097/aflb3.pt
N098,Noise,AFLB1,intermediates/noise/N098/aflb1.pt
N098,Noise,AFLB2,intermediates/noise/N098/aflb2.pt
N098,Noise,AFLB3,intermediates/noise/N098/aflb3.pt
N099,Noise,AFLB1,intermediates/noise/N099/aflb1.pt
N099,Noise,AFLB2,intermediates/noise/N099/aflb2.pt
N099,Noise,AFLB3,intermediates/noise/N099/aflb3.pt
N100,Noise,AFLB1,intermediates/noise/N100/aflb1.pt
N100,Noise,AFLB2,intermediates/noise/N100/aflb2.pt
N100,Noise,AFLB3,intermediates/noise/N100/aflb3.pt
